date,g_initial,g_effective,g_emg,g_received,cost_plan,cost_adj,cost_emg,cost_total,charge_kwh,dischg_kwh,dump_kwh,E0,E144,E_min,E_max,n_submit,n_solve,emg_segments,emg_events,load_kwh,pv_kwh
2025-02-01,44106.94788141383,44106.94788141383,0.0,44106.94788141383,23288.094658604718,0.0,0.0,23288.094658604718,18908.327203238685,15479.321645747861,6299.766390589675,6984.396270250423,6802.644480112063,1768.958716975311,10800.0,3,4,0,0,76305.20628333333,41927.03035
2025-02-02,90638.0796878598,90638.0796878598,0.0,90638.0796878598,57252.04113058532,0.0,0.0,57252.04113058532,21993.26879454643,17897.05408638889,8185.587029702268,6802.644480112063,6710.970743660637,1491.440194017092,10800.0,3,4,0,0,121705.97265,43349.69469999999
2025-02-03,92363.89742639012,92363.89742639012,0.0,92363.89742639012,58309.86841881215,0.0,0.0,58309.86841881215,22307.976511450885,18198.470435170937,8037.474850110164,6710.970743660637,6567.626898220954,1402.820332790124,10800.0,3,4,0,0,122603.769,42386.85249999999
2025-02-04,94575.81295481515,94575.81295481515,0.0,94575.81295481515,60149.47852449572,0.0,0.0,60149.47852449572,22922.47305485948,18574.453742478632,9032.929692434302,6567.626898220954,6559.570711507121,1519.0327048433041,10800.0,3,4,0,0,121578.09884999998,40383.2349
2025-02-05,88325.66184710826,88325.66184710826,4.6075918463698144,88330.26943895464,55595.684178426585,0.0,32.142560720275824,55627.82673914686,23617.108018637482,19356.265691145083,3321.0001281288987,6559.570711507121,6308.006049230769,1200.0,10800.0,3,4,1,1,121991.08443333334,41242.65745
2025-02-06,94793.23725339744,94793.23725339744,0.0,94793.23725339744,60215.08536969012,0.0,0.0,60215.08536969012,22492.08067711195,18104.913572927348,10135.012932546164,6308.006049230769,6434.308022045587,1500.6958354615401,10800.0,3,4,0,0,122252.1627,41981.10548333333
2025-02-07,43793.77887043688,43793.77887043688,30.742978974358607,43824.52184941124,22694.6037516018,0.0,141.1819868543573,22835.785738456158,19473.709646799878,16039.753439975428,8584.885975920124,6434.308022045587,6138.6984375261145,1200.0,10800.0,3,4,2,1,76168.59693333332,44362.91726666666
2025-02-08,36339.94088205286,37076.09606416644,65.94372971929502,37142.039793885735,18563.670129200298,1086.6983173632368,403.11401977405046,20053.482466337584,19184.832708415197,15420.50896220549,1800.5533310093629,6138.6984375261145,6271.149028204809,1200.0,10800.0,3,4,1,1,75746.78751666666,44169.6248
2025-02-09,87268.61603683453,87516.30741227085,0.0,87516.30741227085,54713.66909968582,370.27229200686156,0.0,55083.941391692686,22518.539567233292,18402.748967493175,3845.10084586408,6271.149028204809,6090.335785944571,1266.3110781273303,10800.0,3,4,0,0,121547.90356666666,41992.48759999999
2025-02-10,83728.27099057942,83728.27099057942,29.837830287183394,83758.1088208666,52221.72190990037,0.0,132.36243354470128,52354.08434344507,21580.94943625659,17616.490671251282,5467.0124725279575,6090.335785944571,5939.311754962963,1200.0,10800.0,3,4,3,2,121477.56451666665,47150.92693333333
2025-02-11,84321.83559143943,84353.41055842576,186.67083812854383,84540.0813965543,52787.15568316719,53.06790334005706,1082.8208152040252,53923.044401711275,23950.096016904354,19297.19631795132,4666.584564267957,5939.311754962963,6053.068928008747,1200.0,10800.0,3,4,8,4,121441.28161666667,46220.68448333333
2025-02-12,84307.38250184714,84340.28596015874,156.47694273134914,84496.76290289008,52587.81914830352,59.38051339266214,902.6228592715635,53549.82252096775,22533.653450810954,18303.338137674997,4999.711456420801,6053.068928008747,5996.314658544159,1200.0,10800.0,3,4,8,1,121363.85288333334,46097.116749999994
2025-02-13,79139.72167659624,79504.5662891329,101.66077655738113,79606.22706569028,48683.39057049436,461.0228166140632,588.5906138360299,49733.00400094446,22169.488519387683,17875.856911201452,3983.116440837394,5996.314658544159,6086.791091324788,1200.0,10800.0,3,4,5,4,121310.28371666666,49980.80469999999
2025-02-14,35536.44676587501,36547.51692585481,0.0,36547.51692585481,18172.10450640398,1415.723966250376,0.0,19587.828472654353,18713.537364096388,15109.194388545238,3141.372133637004,6086.791091324788,6140.9809539612725,1326.434304019356,10800.0,3,4,0,0,75872.63794999999,46070.83613333333
2025-02-15,34896.030650262765,35907.00215971217,0.0,35907.00215971217,18193.186809045226,1267.3603702821806,0.0,19460.54717932741,17623.0514955324,14497.412894346133,3501.272458525904,6140.9809539612725,5893.490750666951,1235.442720170724,10800.0,3,4,0,0,76054.55225,46774.46115
2025-02-16,83858.96471820981,84216.67199210191,46.28125641025645,84262.95324851216,52133.76495771615,612.7154475441414,210.5565760384617,52957.036981298756,23073.901282639497,18532.080777600982,4343.75364347365,5893.490750666951,6068.801041041413,1287.0070708751869,10800.0,3,4,1,1,121276.97728333331,45899.59818333333
2025-02-17,83197.92874219758,83543.88782773796,94.5055462747855,83638.39337401274,51283.44580799788,636.6904272285565,628.0652164154675,52548.2014516419,20320.432640062216,16551.38909849751,8685.486665781384,6068.801041041413,5966.758085433501,1200.0,10800.0,3,4,2,2,120960.37281666666,49776.50964999999
2025-02-18,73807.5839545141,77336.39381842743,37.059202589972415,77373.4530210174,45466.60201376229,4358.364073689401,168.11591107611753,49993.08199852781,21902.330731316622,17430.764471670944,810.4989780383985,5966.758085433501,6311.339663984074,1362.9702868739996,10800.0,3,4,2,2,121331.27123333333,49239.883449999994
2025-02-19,74201.64596162579,77574.83135766849,83.91373231952036,77658.745089988,45857.555155855734,3761.9858989502764,372.0901906933394,49991.631245499346,23471.013204545146,19474.98508146243,783.389583571967,6311.339663984074,5796.379235338674,1203.4909181944329,10800.0,3,4,2,2,121866.79411666666,48987.466733333335
2025-02-20,78179.514132412,78811.92239644489,37.2899387951087,78849.21233524,47708.32990135052,968.5138664936198,174.58036922654557,48851.42413707068,22842.055900034204,18231.95355023946,3245.976252111927,5796.379235338674,6096.503378436724,1330.7342595677728,10800.0,3,4,2,1,121105.25703333333,50112.12329999999
2025-02-21,33744.38327585958,34899.90825493018,0.0,34899.90825493018,17201.21804994631,1481.3781712610714,0.0,18682.596221207383,17732.441610836882,14236.834374569837,5844.038985329806,6096.503378436724,6236.995967556765,1541.6277179829065,10800.0,3,4,0,0,75802.00203333332,50241.74
2025-02-22,33948.97592201564,35233.81651111669,0.0,35233.81651111669,17607.473690621482,1681.0408713376519,0.0,19288.514561959135,17268.929864050348,13921.014431341682,4041.138195074688,6236.995967556765,6311.239032600212,1416.098075268756,10800.0,3,4,0,0,75682.24226666667,47837.47938333333
2025-02-23,76368.54560768374,78372.28757092348,6.028355856770759,78378.31592678025,46857.7344908496,2466.2554796779623,28.236818833114235,49352.22678936068,22537.259647556843,18506.366679820836,2815.569275710904,6311.239032600212,6032.143071156001,1274.014416932926,10800.0,3,4,1,1,121142.14093333333,49610.287249999994
2025-02-24,73250.98435896826,73870.80936817985,63.23481649572625,73934.04418467557,45359.820635955766,771.9130220549575,288.20278671598174,46419.93644472671,22116.770689007943,17715.981727682196,1330.2216066831643,6032.143071156001,6252.812549394051,1371.1443531795312,10800.0,3,4,2,1,120628.98854999998,52425.954933333334
2025-02-25,75841.2649859036,76193.81775223526,74.58607687555605,76268.40382911082,46506.25851344308,548.3143436488459,332.1600255098548,47386.73288260178,20562.028944996673,16921.16520353003,6806.216854310848,6252.812549394051,5957.3439293021365,1302.5205948803382,10800.0,3,4,3,2,121093.33288333332,55272.00965
2025-02-26,69200.88518839252,74466.64605973882,0.0,74466.64605973882,42164.46511270631,5253.728808767336,0.0,47418.19392147365,23137.93969920763,18271.19203715791,785.0503643557672,5957.3439293021365,6480.1651728579955,1370.7227767590514,10800.0,3,4,0,0,121060.73411666666,52245.88608333333
2025-02-27,69682.38883582254,71599.71557083818,293.95980483351786,71893.6753756717,42653.839608811315,2390.587878245992,1442.8055615870214,46487.233048644324,22761.358905237783,18754.179849370266,929.9121198041852,6480.1651728579955,6127.4105771606,1200.0,10800.0,3,4,7,2,120599.48893333334,53642.90473333333
2025-02-28,32851.802617012916,33534.68799501699,0.0,33534.68799501699,16866.34453257327,780.3213207380879,0.0,17646.665853311355,17074.471607182735,13872.107630748786,7039.730468583044,6127.4105771606,6080.982100570859,1255.9512884146538,10800.0,3,4,0,0,75385.10795,52092.51439999999
2025-03-01,34885.64969959917,34885.64969959917,0.0,34885.64969959917,17993.85246197932,0.0,0.0,17993.85246197932,16577.524682442607,13456.306040486299,8105.665124309529,6080.982100570859,6049.303158673312,1201.130699240265,10800.0,3,4,0,0,72244.16014999998,48585.39421666667
2025-03-02,79273.64569866564,79714.44788248675,167.62770917179589,79882.07559165855,48822.73351260461,558.860719289391,939.5517592999247,50321.145991193924,23497.13304750126,19152.090290469176,3178.7257679598088,6049.303158673312,5916.622578680913,1200.0,10800.0,3,4,5,2,117860.41708333333,45502.110016666666
2025-03-03,81480.16886382399,82046.47780959349,234.13717029563736,82280.61497988913,50237.50854211616,978.766937923201,1358.6829620031353,52574.958442042494,22159.24443397995,17900.727574351968,6004.951486927823,5916.622578680913,5970.24526442735,1200.0,10800.0,3,4,6,1,117958.7456,45941.59896666666
2025-03-04,72754.47783746861,74061.75069750278,104.62618335900906,74166.37688086179,44645.17444587211,1647.1726991063908,703.8241812796019,46996.1713262581,21926.386022369054,17873.182040170213,913.714965329618,5970.24526442735,5844.901528814815,1200.0,10800.0,3,4,2,2,118139.02498333334,48939.56705
2025-03-05,77059.95704726459,77059.95704726459,48.635742364956855,77108.59278962955,47145.712995252434,0.0,337.27667439845175,47482.98966965089,21185.9697981682,16992.322467582904,6784.4734423775935,5844.901528814815,6031.916049851854,1200.0,10800.0,3,4,2,1,118073.44383333332,51942.971816666664
2025-03-06,71419.03159427087,71635.28544380696,0.0,71635.28544380696,43633.44096633955,273.8422496675519,0.0,43907.2832160071,21932.324263370283,17851.37959969468,1613.686646798018,6031.916049851854,5936.141665002139,1263.2367596289205,10800.0,3,4,0,0,117673.59855,51732.944416666665
2025-03-07,33877.47336560357,33877.47336560357,0.0,33877.47336560357,17716.243892265044,0.0,0.0,17716.243892265044,15987.5600271233,12694.812503653848,9662.440308800775,5936.141665002139,6219.598463131052,1411.2639245071202,10800.0,3,4,0,0,71680.36145,50758.07591666667
2025-03-08,30967.380132882903,31602.53581031529,0.0,31602.53581031529,16078.266870265741,796.439588774577,0.0,16874.706459040317,16106.30853501163,12931.120208510903,9364.2079671479,6219.598463131052,6347.364801851627,1426.2673486889187,10800.0,3,4,0,0,72344.71158333334,53281.57206666666
2025-03-09,73128.43818871432,73317.7919244233,0.0,73317.7919244233,44443.20740791106,257.6395713712507,0.0,44700.84697928231,21705.678217777786,17731.001813254075,6009.59046989959,6347.364801851627,6181.362072013774,1253.9045565692159,10800.0,3,4,0,0,117692.9865,54359.461449999995
2025-03-10,70147.07508632161,73633.01494483309,0.0,73633.01494483309,42315.18794670986,3648.0910326100166,0.0,45963.278979319875,22445.878016827777,18154.93527993077,1300.0007579360827,6181.362072013774,6210.501976124574,1244.2909192789687,10800.0,3,4,0,0,117943.06436666666,49900.99291666666
2025-03-11,61897.15199939994,69642.47540388636,0.0,69642.47540388636,37924.87517406639,6408.903874593869,0.0,44333.77904866025,22240.434660986157,17855.217954854616,1318.3398977548195,6210.501976124574,6387.762110062545,1301.2105018661116,10800.0,3,4,0,0,117499.55295,53560.63415
2025-03-12,71520.44142329681,71707.01051662462,0.0,71707.01051662462,43513.99886984685,301.01349011749676,0.0,43815.01235996435,21377.55848599966,17589.500840703597,5483.418187995234,6387.762110062545,6083.674924458244,1283.018981313707,10800.0,3,4,0,0,118112.23683333333,55676.70215
2025-03-13,71561.4876030207,73867.20633038337,111.93911702083915,73979.14544740421,43263.230340291775,2327.9109626426607,774.610007686897,46365.75131062133,22042.621976237522,17838.295332174825,2229.200786674859,6083.674924458244,6101.706556211097,1200.0,10800.0,3,4,2,1,118237.27705,50691.65903333333
2025-03-14,30182.108418427106,30910.680636523273,0.0,30910.680636523273,15458.794194877271,989.4153672548512,0.0,16448.209562132124,16437.524826722056,13033.493903157827,11477.223729625708,6101.706556211097,6413.819007863361,1298.7278892365935,10800.0,3,4,0,0,72108.86895,56079.44296666667
2025-03-15,29024.6751526452,30330.2285154055,114.03498609568409,30444.263501501184,14732.318760822094,1667.9352459877227,617.087998855769,17017.342005665585,16096.222902648495,13565.463291648946,6989.378740501636,6413.819007863361,5827.682629525955,1200.0,10800.0,3,4,4,3,72724.98178333332,51800.85663333333
2025-03-16,66620.75995064608,70213.75740177701,1.6400000000001,70215.39740177701,40614.9640448262,3399.9200754012572,7.461180000000455,44022.345300227455,22127.28215546986,17379.816148281083,2116.8844612548974,5827.682629525955,6431.329738025413,1455.0694262751124,10800.0,3,4,1,1,117983.21598333333,54632.16905
2025-03-17,62097.948220415725,63332.393810134236,343.32903035897266,63675.72284049321,37149.379128838846,1584.1821985133595,1788.5280910376832,40522.089418389885,21557.03254195921,17497.485595526152,1758.0444607268182,6431.329738025413,6391.008364092984,1200.0,10800.0,3,4,5,1,117693.6218,59835.490366666665
2025-03-18,70710.15549833553,70825.4924018071,0.0,70825.4924018071,42884.07064943808,177.50896095495284,0.0,43061.57961039303,20413.689961661086,16838.51246091462,6124.356534393981,6391.008364092984,6053.871039682828,1268.5067853204175,10800.0,3,4,0,0,117253.42358333332,56127.465216666664
2025-03-19,57790.248570918644,65160.183172507546,0.0,65160.183172507546,35447.64498621008,6362.080089545945,0.0,41809.725075756025,21975.089595943202,17548.190547735754,1267.8136743001019,6053.871039682828,6333.462178547542,1280.4307453799847,10800.0,3,4,0,0,117281.55799999999,57816.08755
2025-03-20,65739.80128603466,67183.28755662011,371.0200510260777,67554.30760764619,40069.105775481294,1743.833490017089,1819.3356488974719,43632.27491439586,21643.72057712273,17691.379045286045,1393.0042591428412,6333.462178547542,6155.722869862392,1200.0,10800.0,3,4,6,1,117648.38173333331,55439.41991666666
2025-03-21,28360.99155350205,29651.80171686742,0.0,29651.80171686742,14454.102572115156,1651.287437160797,0.0,16105.390009275954,16121.01241525477,13249.77176207497,14747.096547020954,6155.722869862392,5942.665419063944,1209.3019777105328,10800.0,3,4,0,0,72593.53221666666,60560.06769999999
2025-03-22,29996.855263280486,30298.747198366313,0.0,30298.747198366313,15498.80081557773,414.0552662832497,0.0,15912.85608186098,16374.381947236929,12745.779890557287,10788.945408353342,5942.665419063944,6517.631515402409,1319.4814415252265,10800.0,3,4,0,0,71936.92953333333,56055.7298
2025-03-23,66647.68182222222,66891.7685409576,96.19964732204323,66987.96818827964,40348.45119112199,408.5771143772583,622.6890895740604,41379.717395073305,20567.83607583397,17036.88431079415,4687.296306573153,6517.631515402409,6098.812527215035,1200.0,10800.0,3,4,3,2,117739.97726666665,58970.257150000005
2025-03-24,62785.13828349365,64433.139859471295,117.70820563301635,64550.848065104314,37637.94837232316,2023.9661683563331,569.4497743953941,40231.36431507488,21884.122955072642,17747.425944573806,2415.653971272147,6098.812527215035,6075.161026142845,1200.0,10800.0,3,4,3,1,117425.17061666667,59426.67353333333
2025-03-25,69638.45540928401,70075.85383341371,91.34730712723811,70167.20114054094,41784.348460561385,683.3572548953971,529.8896818492715,42997.59539730605,21581.68219182325,17582.82183841453,5218.216070465579,6075.161026142845,5962.206289434302,1200.0,10800.0,3,4,4,2,118053.16781666665,57103.043099999995
2025-03-26,59519.80137445399,62324.05786412958,0.0,62324.05786412958,36173.44188201532,2884.9988422816996,0.0,39058.44072429702,21442.793574478914,17321.139486094224,2609.8489090782236,5962.206289434302,6015.009966360638,1221.0366748321594,10800.0,3,4,0,0,117704.62779999999,62112.07293333333
2025-03-27,63481.399575627554,63916.61768823385,0.0,63916.61768823385,38322.40426212366,655.8425985616223,0.0,38978.24686068528,21312.81401450876,17171.728003175107,1058.5422769002084,6015.009966360638,6116.844798112851,1401.248174946498,10800.0,3,4,0,0,117952.59836666666,59235.60896666667
2025-03-28,28779.742119892875,29046.789891132288,0.0,29046.789891132288,14503.542110533732,394.39810182917444,0.0,14897.940212362906,16242.92317275118,13180.54027356629,15162.526225280737,6116.844798112851,6090.430905181923,1248.581118522676,10800.0,3,4,0,0,71891.76726666666,61069.8865
2025-03-29,27833.60095852003,28921.118214102153,2.071284804541307,28923.189498906693,13781.775915677666,1431.6937538512525,10.22282615281362,15223.692495681733,16205.70557190197,13141.558020055734,18151.83276372712,6090.430905181923,6073.83478649844,1200.0,10800.0,3,4,1,1,72118.27746666667,64411.06828333333
2025-03-30,62686.33110394009,62994.39544573527,0.0,62994.39544573527,37317.92946930762,449.60681618944864,0.0,37767.53628549707,21770.748864209567,17585.32939773951,3463.3562792652137,6073.83478649844,6128.253877909814,1269.8052625622997,10800.0,3,4,0,0,117994.70585,62649.086149999996
2025-03-31,54094.88901227482,60999.72822869205,10.227338061521483,61009.955566753575,33005.59241975521,6280.945290334877,50.340993884925645,39336.87870397502,20041.538824529212,16216.925343164963,233.95260205599618,6128.253877909814,6146.832883136153,1200.0,10757.883084350047,3,4,2,1,117075.66561666667,60124.27613333333
2025-04-01,66834.97623792286,68551.57416263482,14.630840316652733,68566.20500295146,39245.22536056064,2089.3161032236553,70.61171654130675,41405.1531803256,20069.032037960802,16317.58249326047,4605.903941584468,6146.832883136153,6078.314502567004,1200.0,10800.0,3,4,2,2,117967.1463,57758.29478333333
2025-04-02,62792.77544653445,66463.37048687361,156.3664356485226,66619.73692252213,37325.42650850425,3532.500358454674,1087.4507635099028,41945.37763046882,20998.300010401617,17082.228948215045,2268.3304603355573,6078.314502567004,5996.530125022851,1200.0,10800.0,3,4,2,1,117986.62945,57551.29404999999
2025-04-03,64525.31586543243,64608.784452352156,75.45847082630644,64684.24292317846,39071.591758389375,126.60669372686033,526.3982924843137,39724.59674460055,20481.266258011456,16596.22910414356,4935.675502643901,5996.530125022851,5989.4151970736475,1200.0,10800.0,3,4,1,1,117884.45609999998,62020.92583333333
2025-04-04,27499.61812471705,27615.59489014318,210.1109815004628,27825.705871643644,13555.487712490842,149.58927640025874,921.4887389880009,14626.5657278791,16384.974481279147,13260.256072556778,18270.18521292127,5989.4151970736475,6002.274371828464,1200.0,10800.0,3,4,3,2,71735.75181666667,65304.949566666655
2025-04-05,27186.657032234725,28161.109285291943,78.79684438411903,28239.906129676063,13361.005765648864,1287.1065905423,453.30982073993556,15101.4221769311,16211.437102068383,13195.844942321826,13180.19898659617,6002.274371828464,5930.517827776866,1200.0,10800.0,3,4,3,1,72602.74256666665,60558.62758333332
2025-04-06,61128.188556239795,61884.647774490775,243.25793672991517,62127.905711220694,35878.05921744186,1017.3847216436088,1468.6131356574406,38364.057074742916,21546.761876605317,17381.33557519692,3552.4031431456315,5930.517827776866,6010.008433169516,1200.0,10800.0,3,4,5,2,117205.43058333333,62795.354316666664
2025-04-07,53206.76598231969,57496.91050161416,102.3003290446974,57599.210830658856,31740.428566338487,3644.905883950213,681.2532257414242,36066.587676030125,21469.416747354244,17571.249059273607,458.32385924489114,6010.008433169516,5808.873439928774,1200.0,10800.0,3,4,3,2,117015.14203333334,63772.422750000005
2025-04-08,62317.62399231296,62387.69178160037,261.5120100421873,62649.203791642554,37336.24603910184,135.3814790716658,1674.6186560146073,39146.24617418811,21101.671553658194,17082.6767634375,4277.015384755197,5808.873439928774,5819.6258788461555,1200.0,10800.0,3,4,4,2,117713.29026666666,63360.09664999999
2025-04-09,60241.447225589174,63832.925838107054,177.06226220685778,64009.98810031391,36052.549026020846,2728.882315884287,1165.4524079793987,39946.88374988453,21681.642848039322,17522.61974066827,716.6539762761915,5819.6258788461555,5863.526952450142,1200.0,10800.0,3,4,3,1,117677.52253333332,58543.21151666666
2025-04-10,58752.177588114646,60946.8172138953,472.06772409829443,61418.88493799359,35686.02527731028,1550.3596307944272,2443.0607362954597,39679.44564440016,21917.162103194576,17551.725107792732,2592.8100425917555,5863.526952450142,6087.056058888889,1200.0,10800.0,3,4,9,3,117668.70068333333,63208.06278333333
2025-04-11,25999.29860276923,27042.561167495594,232.15547529008384,27274.71664278568,12565.180214442822,1403.9288182695161,1135.806693268266,15104.915725980605,16263.706491946337,13426.304002745897,19120.663986918575,6087.056058888889,5806.276343034041,1200.0,10800.0,3,4,3,3,72091.99675,66775.34658333333
2025-04-12,27855.454337209532,27864.1893944252,0.0,27864.1893944252,13941.03882031151,12.933562466377783,0.0,13953.972382777889,16058.608353999154,12845.119382444456,15625.5398728705,5806.276343034041,5986.668992250553,1209.7218732975625,10800.0,3,4,0,0,71957.17576666665,62932.01521666667
2025-04-13,55167.08070098347,58543.39184232735,129.48537660342527,58672.87721893078,32843.08341055183,3681.2679866187627,677.0835807204944,37201.434977891084,21192.618914267718,17110.551340354396,314.4511616841213,5986.668992250553,6048.30230358662,1200.0,10800.0,3,4,5,1,117283.06219999999,63006.703716666656
2025-04-14,58481.77839167673,58610.47449911747,267.66662549239294,58878.14112460986,35008.63664640528,183.69008389801186,1846.8236170829146,37039.1503473862,20354.07818370277,16500.269513175157,2496.300654082248,6048.30230358662,6033.339876502273,1200.0,10800.0,3,4,2,1,117901.37268333332,65373.34088333332
2025-04-15,51906.64513238891,54042.951347763825,251.25993238783116,54294.211280151656,30955.39641516737,2661.861881876841,1630.124299960612,35247.38259700483,20018.941571134073,16133.667407951421,269.50828363566836,6033.339876502273,6124.090170576922,1200.0,10800.0,3,4,5,2,117056.90516666666,66917.47633333332
2025-04-16,57163.544444924555,60501.65483529851,75.03291426603164,60576.687749564546,33557.75856434734,3214.5175743303084,354.04795094671886,37126.32408962437,20243.753996681065,16622.86761245225,1176.2094153357298,6124.090170576922,5873.6158648651535,1200.0,10800.0,3,4,5,1,117924.88506666665,62145.29311666667
2025-04-17,52943.38683662696,56841.00559867578,326.3441068794476,57167.34970555523,32251.47384443604,3348.9090393713354,2000.9493940878783,37601.33227789526,19523.349641788715,15643.223187483909,418.88090125041595,5873.6158648651535,6063.271445270655,1200.0,10448.826580639128,3,4,5,3,117487.04263333333,64618.700283333324
2025-04-18,26445.04211084829,26887.366804690686,0.0,26887.366804690686,12818.69587298767,558.5134048388227,0.0,13377.209277826492,16229.708214882818,13107.131694044398,17410.673100518932,6063.271445270655,6106.5291786158605,1203.6113003252633,10800.0,3,4,0,0,71490.16935,65136.05216666666
2025-04-19,25680.01759720513,26451.395166542225,60.208213268118826,26511.60337981034,12197.591976202848,1072.782508199589,267.53529059746774,13537.909774999904,16336.384921688717,13363.352602995212,16753.89181111684,6106.5291786158605,5961.1060492521365,1200.0,10800.0,3,4,2,2,71905.41535,65120.736099999995
2025-04-20,52595.9556056769,56359.27351776004,326.11027614392714,56685.383793903966,31715.76442330825,3413.872157436779,1648.5664741255423,36778.203054870566,20304.30979497094,16310.75210404502,734.0812196447139,5961.1060492521365,6111.926971342635,1200.0,10800.0,3,4,4,1,117197.81635000001,65240.07146666667
2025-04-21,56858.03713191603,56964.12946337403,105.20113826023339,57069.33060163427,33805.58763871204,155.40463845689152,579.7926716888717,34540.7849488578,19621.481259667584,16051.047043387327,4981.986002020686,6111.926971342635,5936.763390168655,1200.0,10800.0,3,4,6,1,118481.63788333331,69964.7275
2025-04-22,52397.24807412343,56459.47830880672,0.0,56459.47830880672,31145.91311329941,3712.1088446414783,0.0,34858.02195794089,20636.472124124513,16747.410441252963,417.4873092685038,5936.763390168655,5901.354478266311,1302.3549380413785,10800.0,3,4,0,0,117811.00101666666,65658.0717
2025-04-23,50598.94623958525,55818.79414147091,0.0,55818.79414147091,30196.122520131677,4751.404820632771,0.0,34947.52734076445,19016.604991352404,15173.420259991142,575.692693442995,5901.354478266311,6156.943126048866,1256.8559995924782,10800.0,3,4,0,0,118030.51476666666,66630.59805
2025-04-24,51180.24321962769,52133.860272737336,114.43843722873251,52248.29870996607,30725.216267410015,1294.220690413014,649.9915070758689,32669.428464898898,19286.770672774117,15840.206506243572,1711.6278434355254,6156.943126048866,5914.807280163815,1200.0,10800.0,3,4,5,2,117497.77966666667,70407.67296666667
2025-04-25,25808.33464448718,25808.33464448718,109.25273529487043,25917.58737978205,12542.01940902671,0.0,535.4801422878971,13077.499551314608,16253.005783626148,13232.754282076923,20896.978228232827,5914.807280163815,5839.452172008546,1200.0,10800.0,3,4,2,1,71763.3212,69762.96354999999
2025-04-26,26208.14116224359,26358.14728434285,43.9569390017063,26402.104223344555,12735.427474026246,204.23505001866027,197.16653150202393,13136.82905554693,16239.248048197212,13076.273431116668,23168.935972930674,5839.452172008546,5925.5827141453,1200.0,10800.0,3,4,2,1,72100.92436666667,72030.73073333333
2025-04-27,51329.37316565869,53447.336147203176,132.79461560676077,53580.13076280994,30717.09144155916,2682.2883982375224,926.3752384727632,34325.755078269445,19233.111088797796,15510.211529744167,1283.760020422979,5925.5827141453,6001.8143276809105,1200.0,10800.0,3,4,1,1,117032.52253333334,68459.05135
2025-04-28,63514.11925715337,64874.690782277656,0.0,64874.690782277656,37289.94332583098,1033.162397140083,0.0,38323.105722971064,20315.91723089335,16314.366617585807,4251.172852303441,6001.8143276809105,6159.065815945143,1215.8599668482777,10800.0,3,4,0,0,117537.3008,60915.33348333332
2025-04-29,52452.744303225714,53355.738414715874,121.03345436338066,53476.77186907925,31529.3971882269,1228.7884692320627,844.3293776389435,33602.5150350979,18386.131578172182,14719.662748447021,2377.089322687425,6159.065815945143,6351.403404692306,1200.0,10800.0,3,4,1,1,117252.75871666666,69819.545
2025-04-30,49925.02302924474,50836.168679982395,606.2207002801674,51442.38938026256,30455.011509056305,623.1382913618785,3390.2179563678205,34468.36775678601,17681.54519843997,14587.181645933817,91.17139442307678,6351.403404692306,6056.8144766951555,1200.0,10685.202017507425,3,4,9,2,117682.88071666665,69426.02628333334
2025-05-01,52552.68332010051,54488.39199064584,1407.5639371558705,55895.95592780171,31977.782412663684,2564.942202265106,9016.793479021959,43559.51809395075,18024.514620465707,15341.84822705499,2201.910734390992,6056.8144766951555,5232.379605053194,1200.0,10800.0,3,4,9,1,120364.58391666666,69353.20511666666
2025-05-02,28261.11743540939,28565.89233655225,1016.7583957034819,29582.65073225573,14188.503765133746,448.88574095267523,5888.319850624077,20525.709356710497,15954.278655239426,12689.941646375586,12027.99364005856,5232.379605053194,5491.295232129138,1200.0,10800.0,3,4,8,1,74761.02673333333,60470.70664999999
2025-05-03,27297.024338989755,27633.68665346679,1397.2004915041084,29030.887144970897,13297.54090125555,465.41215731193466,7944.210523836917,21707.163582404402,15769.29240219923,12531.525000087091,16925.948092858758,5491.295232129138,5759.741727345009,1200.0,10800.0,3,4,8,1,74894.84928333333,66027.67763333333
2025-05-04,57261.06703365274,57597.596110131286,1328.6684680476947,58926.26457817898,33910.41490186074,559.2237152622953,8295.652436465596,42765.29105358863,18211.480989401753,14913.539147463673,3893.6554029075683,5759.741727345009,5579.475565069181,1200.0,10800.0,3,4,9,1,120670.08423333333,68935.4169
2025-05-05,59439.70618797868,59576.24245499276,1004.9895107948557,60581.231965787614,35606.00703834937,202.8343074944083,6547.890059738511,42356.73140558229,20676.590534105293,16758.501418451946,1587.1360501342765,5579.475565069181,5567.84991415068,1200.0,10800.0,3,4,9,1,120612.16386666667,65536.15706666667
2025-05-06,51136.97469876657,56390.136650633984,1064.4378169463564,57454.57446758034,30760.066397032082,5968.1475762709515,6633.29353124098,43361.50750454402,18832.674906508735,15412.449667496026,1164.266861900971,5567.84991415068,5392.31325501296,1200.0,10800.0,3,4,8,1,121017.19009999999,68147.10773333334
2025-05-07,54633.51375893067,58973.402943426205,1039.7493432028562,60013.15228662906,33165.26878466287,4109.643558452232,6775.383007627425,44050.295350742526,19554.84030263367,15642.425429477213,1032.8914634726093,5392.31325501296,5611.196827964145,1200.0,10800.0,3,4,9,1,121160.21501666667,66092.36906666667
2025-05-08,63205.08941763453,63702.13830991177,122.86246751344027,63825.00077742521,37554.36155820412,747.8110141071525,849.1867379987593,39151.35931031003,19985.10310018635,15805.903739647523,3819.2890168863755,5611.196827964145,6035.674351856843,1200.0,10800.0,3,4,2,2,120445.47738333332,64618.964983333324
2025-05-09,28502.83340708952,28935.14152061209,2.175428759519896,28937.316949371612,14628.095704100546,667.6853745274113,10.192971452730474,15305.974050080687,16556.205676093523,13123.493378722298,17005.21880200038,6035.674351856843,6354.600150649572,1200.0,10800.0,3,4,1,1,74253.82544999999,65754.4396
2025-05-10,27909.34492900406,28326.84924634746,0.0,28326.84924634746,14375.602189222944,579.3984894621217,0.0,14955.000678685064,16302.08027582657,13459.137612095594,13362.86129928315,6354.600150649572,6071.875052120606,1314.2003073599228,10800.0,3,4,0,0,74647.98705,62526.941766666656
2025-05-11,60536.73773211063,61223.08154874735,250.20919958515367,61473.2907483325,36257.34921868844,1009.7625848660393,1735.5437362976986,39002.655539852174,19110.705977608595,15456.116664664392,2334.622352054973,6071.875052120606,6098.047471230131,1200.0,10800.0,3,4,3,2,120743.09041666667,65259.01133333333
2025-05-12,52775.56425050061,56730.25696894479,0.0,56730.25696894479,32406.23593558013,3725.144185615352,0.0,36131.380121195485,17815.489787525577,14170.127992278774,1153.6999403646578,6098.047471230131,6387.401621915629,1308.9030431662577,10800.0,3,4,0,0,120448.60361666666,68517.40838333333
2025-05-13,63034.87461197408,63930.35613210623,14.989473412812071,63945.34560551904,37184.31460071927,1188.4290183372198,71.02128562608387,38443.764904682575,18488.256930162115,15107.98914941179,7435.865058102056,6387.401621915629,6240.178248603987,1200.0,10800.0,3,4,3,2,120269.6316,67140.41883333333
2025-05-14,60722.954935147194,61015.79676533844,0.0,61015.79676533844,37275.130373791326,201.5441554422393,0.0,37476.67452923356,18942.79518052786,15269.922929444445,4328.775730921692,6240.178248603987,6322.11287836301,1448.1250147618707,10800.0,3,4,0,0,120592.00526666666,67577.85648333334
2025-05-15,59161.48811334177,60127.01308351761,0.0,60127.01308351761,37401.68452029582,661.877020842433,0.0,38063.56154113825,19410.881664541263,15073.25025826923,3024.3233939122442,6322.11287836301,7043.850533928776,1930.4480022792036,10800.0,3,4,0,0,119598.30981666666,66833.25153333333
2025-05-16,27658.4412761094,27658.4412761094,0.0,27658.4412761094,14929.824400973088,0.0,0.0,14929.824400973088,16290.032665615701,13591.124904894874,22244.02698205524,7043.850533928776,6603.630038655265,1435.6078683497149,10800.0,3,4,0,0,74681.34474999999,71965.83821666666
2025-05-17,28326.617726193166,28489.737708979897,0.0,28489.737708979897,15078.650607386651,237.8762780330936,0.0,15316.526885419746,16752.433965382643,13603.585817885752,14892.090478149674,6603.630038655265,6565.725254293256,1261.0379564139444,10800.0,3,4,0,0,75274.53043333333,64825.73134999999
2025-05-18,64027.768433845835,64149.43304605041,3.187282051282068,64152.62032810169,38652.17716564255,192.6181100711633,21.49662379487191,38866.29189950858,18671.025046721454,14876.541257602577,6681.968438982824,6565.725254293256,6840.1575101174785,1783.1901640095232,10800.0,3,4,1,1,120687.037,67010.8689
2025-05-19,56544.40338289812,56936.31942950057,67.00333333333344,57003.3227628339,34390.383026817,463.62980701166055,451.90398166666745,35305.91681549533,17651.451471639346,14760.199019256681,6596.853760451238,6840.1575101174785,6326.24270208547,1315.8748452991445,10800.0,3,4,1,1,120072.38798333332,72557.17143333334
2025-05-20,56750.82198161971,58684.03698293654,0.0,58684.03698293654,34726.88368154941,1531.7454486367922,0.0,36258.6291301862,18700.63071149905,15139.019987821066,595.0314425918889,6326.24270208547,6335.677022633428,1368.0822189696107,10800.0,3,4,0,0,120437.57771666667,65910.18289999999
2025-05-21,52587.76529337607,56060.79430265691,0.0,56060.79430265691,33108.33855134882,3066.3501988386997,0.0,36174.68875018752,17252.496458599064,13864.6941364208,1310.3766971453174,6335.677022633428,6457.708128238363,1528.034894776828,10800.0,3,4,0,0,120283.05128333332,68920.43599999999
2025-05-22,54797.20799824523,55219.72496637577,2.57000000000005,55222.29496637577,34214.27276626615,260.6718434881405,17.333365000000338,34492.27797475429,18875.795912097718,14910.276658034189,440.14489564558244,6457.708128238363,6878.950384643876,1421.214535324788,10800.0,3,4,1,1,119729.68001666665,68913.0492
2025-05-23,27195.67466279487,28384.724545288653,0.0,28384.724545288653,14133.674618245997,1715.2788803376607,0.0,15848.953498583658,16872.33083459552,13469.013804260594,18560.458631620397,6878.950384643876,7098.477242156966,1281.1621427768303,10800.0,3,4,0,0,74983.38438333332,68562.43549999999
2025-05-24,28005.74106680232,28005.74106680232,0.0,28005.74106680232,15053.739142451588,0.0,0.0,15053.739142451588,16514.044707808374,13371.58886689426,21108.783842554873,7098.477242156966,7103.796515968663,1255.92205970323,10800.0,3,4,0,0,74693.81781666665,70939.31643333333
2025-05-25,56736.71906249499,57077.60507089444,0.0,57077.60507089444,34475.59121307383,432.2651891993529,0.0,34907.85640227318,16956.52617564911,14148.025998045867,5724.094709957866,7103.796515968663,6644.6411873352345,1449.9647142212737,10800.0,3,4,0,0,120319.8776,71774.86741666666
2025-05-26,54366.41291134668,59457.40485327132,0.0,59457.40485327132,33916.270528640205,3974.4075892063724,0.0,37890.678117846575,19146.77070187612,15369.408084358973,1100.2092857541752,6644.6411873352345,6799.614725291548,1550.1738714373214,10800.0,3,4,0,0,119407.96936666666,64828.13641666666
2025-05-27,51148.24300022158,55092.344945099176,319.77444543688557,55412.11939053606,32484.819477375648,2969.243151528318,1706.5185702973856,37160.58119920135,16793.648473734494,13716.396279723367,2944.499896524936,6799.614725291548,6673.458040848853,1200.0,10800.0,3,4,3,1,120046.82734999999,70656.46005
2025-05-28,59679.53478198023,60370.95323813984,0.0,60370.95323813984,36058.25916670587,927.3135924813887,0.0,36985.572759187264,18297.860794338005,14668.496256341856,4467.764600143689,6673.458040848853,6843.20358203989,1512.1379976495766,10800.0,3,4,0,0,119921.84721666666,67648.02311666666
2025-05-29,57671.47675341932,61612.67628437514,17.817433333333497,61630.49371770847,35087.33286559663,3398.2898248774954,119.77769558333443,38605.40038605746,18909.09028114366,15551.604382888585,4162.884319453414,6843.20358203989,6581.824409637425,1514.5846805529923,10800.0,3,4,1,1,120439.31426666665,66329.19076666667
2025-05-30,28013.64504532204,28107.402860821414,0.0,28107.402860821414,14881.491393713432,127.52064433762985,0.0,15009.012038051062,16629.685092697695,12961.035682384027,17842.52018384108,6581.824409637425,7147.390234860875,1494.3462116694254,10800.0,3,4,0,0,74612.22448333332,68015.99121666666
2025-05-31,29420.859567022642,29420.859567022642,0.0,29420.859567022642,15988.081391525637,0.0,0.0,15988.081391525637,16347.33491279413,13475.0749474218,18159.41805165031,7147.390234860875,6887.686159240265,1724.0403162352818,10800.0,3,4,0,0,74778.33258333334,66389.15103333333
2025-06-01,73548.7544816577,78069.16699180771,942.4566026753882,79011.6235944831,44694.745516810974,5696.022357414693,5937.581940074023,56328.34981429969,18832.117173920204,16932.709873878597,5887.389994441492,6887.686159240265,5022.469533681114,1200.0,10800.0,3,4,14,4,128248.56003333331,57023.73373333333
2025-06-02,76489.81273751665,79895.5275607997,584.5006834542464,80480.02824425395,46526.90843948978,5289.752314764959,3562.673168020677,55379.33392227542,21164.694620234954,17138.711626030257,7813.237800049254,5022.469533681114,5027.681774081178,1200.0,10800.0,3,4,12,2,128080.53698333334,59439.72953333333
2025-06-03,70291.86555436742,76989.98677897544,678.103989656339,77668.09076863178,42314.26859640992,9220.918263660697,4015.7521621383607,55550.939022208986,19825.517019047304,15855.273843142126,5505.48075939328,5027.681774081178,5253.676154399156,1200.0,10800.0,3,4,11,4,128076.84056666667,59884.473733333325
2025-06-04,80092.76943021124,82073.19253504768,650.0572512348782,82723.24978628255,48866.237483800855,2949.482151897067,4004.4166939766424,55820.13632967456,20544.235172901357,16725.603868602782,9259.357665317319,5253.676154399156,5159.483511562839,1200.0,10800.0,3,4,12,3,128539.84358333334,58894.58276666666
2025-06-05,69200.46342802055,77564.43762801876,781.6805222092347,78346.118150228,41180.20749521701,11093.771627382763,4901.331133141572,57175.31025574134,20510.80129872752,16904.108125130442,3590.1069599642346,5159.483511562839,4836.862319161572,1200.0,10800.0,3,4,13,4,128455.92066666666,57306.60264999999
2025-06-06,32570.999254656293,35972.23977393194,890.5373092492231,36862.777083181165,17799.937561536583,4937.608635891757,5712.522935748344,28450.069133176683,15584.706834762286,12261.44380833418,2684.518656753058,4836.862319161572,5239.272016742987,1200.0,10800.0,3,4,7,2,82747.41500000001,51892.419599999994
2025-06-07,34584.5522593293,36840.26179794216,463.22250200158146,37303.484299943746,18009.41493770179,3563.33708718231,3231.141696937466,24803.893721821565,14825.079854126609,11863.346365419544,3215.2376445700083,5239.272016742987,5400.3479238796635,1200.0,10800.0,3,4,2,1,83156.75975,52030.246583333326
2025-06-08,73313.97418018294,74874.24566879818,57.29573148643772,74931.54140028461,44780.07854460644,1668.669708631487,386.45218003350107,46835.20043327143,20257.89199781757,15608.147864662154,5096.874000462534,5400.3479238796635,6290.064205624201,1479.3418914369695,10800.0,3,4,3,2,128266.94665,63082.023383333326
2025-06-09,81050.92801095173,81147.09166898133,120.52814256283523,81267.61981154417,50723.63041082285,129.6481523053057,818.2017208353984,51671.48028396356,21337.032816755578,17326.991774485432,6324.866035940698,6290.064205624201,6241.180657942636,1271.367330626995,10800.0,3,4,5,3,128169.18798333332,57236.47525
2025-06-10,74798.3949954494,77333.11894183842,67.00683205128212,77400.1257738897,46379.721519836174,2593.226496426501,451.47906445961587,49424.427080722286,22743.3688656363,18490.93999988435,1529.2526748044188,6241.180657942636,6164.723748254921,1370.7408966840048,10800.0,3,4,4,2,127414.49178333333,55796.047549999996
2025-06-11,80953.43031835067,81856.08140568639,672.7723703845884,82528.85377607097,50898.076560372516,1106.4930986705,3336.2623905304476,55340.832049573466,23780.78093699405,19108.03848662655,1771.6650090368162,6164.723748254921,6336.272717520077,1200.0,10800.0,3,4,7,3,128236.67731666667,52152.23099999999
2025-06-12,78955.05753155248,78981.73657209578,0.0,78981.73657209578,49323.73153370786,53.75351977964266,0.0,49377.48505348751,22730.289282513826,18150.300505937463,1949.3563621860874,6336.272717520077,6626.532509629785,1627.8170890144008,10800.0,3,4,0,0,127721.81298333334,55269.42154999999
2025-06-13,35599.605614324646,35712.48275623174,0.0,35712.48275623174,20480.102126373742,197.50493606557012,0.0,20677.60706243931,16310.912363722673,13413.74166662067,4469.998359129738,6626.532509629785,6402.196229623892,1342.694789270614,10800.0,3,4,0,0,81889.59039999999,53544.276699999995
2025-06-14,35622.368591778664,35622.368591778664,0.0,35622.368591778664,20717.18838439347,0.0,0.0,20717.18838439347,16222.592002361507,13097.90832221706,6304.342161634218,6402.196229623892,6449.297562619182,1529.1959353069776,10800.0,3,4,0,0,82253.15711666667,56059.81436666666
2025-06-15,74660.02157325603,78571.98124881636,0.0,78571.98124881636,46936.86826207566,3685.5988783193834,0.0,50622.46714039504,23054.77336539275,17913.267712902318,2803.501262992604,6449.297562619182,7294.962799358977,1320.468537037039,10800.0,3,4,0,0,127368.88451666664,56741.91018333333
2025-06-16,77519.01874259602,78229.83082771834,601.9294403446347,78831.76026806298,48875.36745590014,547.4255641748007,2907.3275850881455,52330.12060516309,22554.216543534872,18464.930517863246,2048.421425724675,7294.962799358977,7077.168224247861,1200.0,10800.0,3,4,6,1,127618.63201666667,54924.57919999999
2025-06-17,78988.62763518043,80909.49553821843,45.353381517094135,80954.84891973552,49784.24306630972,1555.2382769699248,307.1939007577466,51646.67524403739,22914.75984988386,18845.246348817887,2248.3242020028815,7077.168224247861,6761.289479345678,1594.2655020180434,10800.0,3,4,2,2,127311.75459999999,52674.743383333334
2025-06-18,80404.34498402193,80516.68598382585,14.171699038461611,80530.85768286431,50282.41083826805,81.08194483699288,95.54706938493639,50459.03985248998,21370.315342066053,17041.24247966752,5273.393920465797,6761.289479345678,7059.859420907883,1747.0382066001916,10800.0,3,4,2,2,126909.07891666667,55980.68801666667
2025-06-19,75135.29464846232,78203.16765837793,55.2668317094018,78258.43449008734,46697.37408635132,3367.7355875836065,372.4090417736117,50437.518715708546,19797.583016403893,16304.994534121983,6506.341807805438,7059.859420907883,6761.023542202516,1633.0459209119185,10800.0,3,4,2,1,127349.06689999998,59089.562699999995
2025-06-20,36053.30481547927,36053.30481547927,0.0,36053.30481547927,21396.15540501135,0.0,0.0,21396.15540501135,16069.140556783788,12537.657162640382,10121.240571335866,6761.023542202516,7292.519862596395,2251.0894076061286,10800.0,3,4,0,0,81137.07971666666,58736.49886666666
2025-06-21,35596.78298545811,35608.87386417946,0.0,35608.87386417946,20694.498967092186,19.658915275573495,0.0,20714.15788236776,16852.176188735888,13316.749516294021,12738.706791737595,7292.519862596395,7663.09008102089,1928.4847772338558,10800.0,3,4,0,0,81408.0648,62073.3244
2025-06-22,71399.96879507914,73755.94636793446,0.0,73755.94636793446,44172.554341181494,2775.776087949731,0.0,46948.33042913122,19946.310019076434,16942.7446877314,3295.0399365894345,7663.09008102089,6789.497222932575,1568.6265857787282,10800.0,3,4,0,0,126539.46191666665,59082.12081666666
2025-06-23,74083.27739987786,74083.27739987786,0.0,74083.27739987786,46488.631939888364,0.0,0.0,46488.631939888364,21635.296205874212,17506.3089041453,2893.0040981489437,6789.497222932575,6809.809470280153,1776.2477243827166,10800.0,3,4,0,0,126690.87308333332,59629.587083333325
2025-06-24,84944.31780851324,85310.48348258807,147.9636228349795,85458.44710542305,53642.03256466485,407.3821490803253,683.6994156768739,54733.11412942204,23582.66264026316,18921.599456964992,4528.5916721248805,6809.809470280153,7010.206449889231,1200.0,10800.0,3,4,2,1,127112.84501666666,50844.05276666667
2025-06-25,75168.01114586461,77808.45214028418,0.0,77808.45214028418,46258.37477761008,2995.3373549611856,0.0,49253.712132571265,20827.922385203387,17021.148681997955,3564.2570704120817,7010.206449889231,6842.949172130103,1678.358044278253,10800.0,3,4,0,0,126310.40843333333,55872.98706666667
2025-06-26,72338.18294686003,73788.12351591716,29.98238555555531,73818.10590147272,45472.01250357556,1263.8945930831856,202.00942021940006,46937.91651687815,20241.248919403537,16528.78503207755,2558.258180813398,6842.949172130103,6694.756497284899,1583.5149602564088,10800.0,3,4,2,1,126697.44536666665,59150.061533333326
2025-06-27,36131.461924879484,36131.461924879484,0.0,36131.461924879484,20897.941858156697,0.0,0.0,20897.941858156697,15869.506726454045,12512.238737770085,13002.548069528857,6694.756497284899,7074.82506468234,1719.646058055559,10800.0,3,4,0,0,79563.255,59791.60913333333
2025-06-28,34746.483388153414,34746.483388153414,0.0,34746.483388153414,19932.787642273357,0.0,0.0,19932.787642273357,16520.613285768173,13379.73044498761,9828.67443070618,7074.82506468234,7077.009860776353,2017.4312819722222,10800.0,3,4,0,0,80661.5728,58884.64668333333
2025-06-29,70270.52132723568,75133.48450704811,0.0,75133.48450704811,43159.785445855545,5225.909784260792,0.0,48385.69523011634,20703.772409516358,16982.645886076618,2144.589450275037,7077.009860776353,6840.798489255944,1504.5687814867156,10800.0,3,4,0,0,126384.80871666667,57117.04018333333
2025-06-30,76778.5219340364,76987.69923051934,80.47383788461514,77068.17306840395,47741.83862789228,322.5882748252758,542.1012040994215,48606.52810681698,21447.808595597184,17578.7246052162,3321.405094689651,6840.798489255944,6611.909997275405,1651.2393775771652,10800.0,3,4,2,2,125947.32058333333,56069.6366
2025-07-01,67363.6122265324,83983.21994791442,115.60434980534433,84098.82429771977,41467.73774409702,20180.889304291173,779.0406820325388,62427.66773042073,19641.466920826802,16772.042467342944,2362.8558109025835,6611.909997275405,5653.627484527367,1343.5427345332491,10800.0,3,4,3,2,141546.85106666666,62680.30703333333
2025-07-02,64061.91141123529,78549.93777825206,176.8769970970858,78726.81477534915,40085.977105411075,16188.859050559899,1195.7267751370798,57470.562931108056,20082.401516630867,16377.677005367594,2117.323897419201,5653.627484527367,5530.369954642271,1217.688251010352,10800.0,3,4,7,3,141198.65821666666,68293.89184999999
2025-07-03,73805.3624997852,89245.95551099906,114.39181483763218,89360.34732583669,45388.56042174834,19586.30839352472,782.0392464430491,65756.90806171611,21009.658967910196,17076.892637883262,5667.1620624764355,5530.369954642271,5464.7378725578255,1285.7765262047974,10800.0,3,4,3,2,141565.53863333334,61805.119699999996
2025-07-04,32880.92163202701,39621.356991293054,2572.1718576022663,42193.52884889532,18003.210727771482,9705.958974003386,6747.695212228355,34456.86491400322,15621.059475657752,12661.133352381628,10352.735258952524,5464.7378725578255,5455.765453559101,1200.0,10800.0,3,4,12,2,95795.06574999998,66914.19828333333
2025-07-05,33966.60926177544,40705.434005047544,2034.7685885760006,42740.202593623544,18544.775282455168,9787.320623022108,5930.218246653471,34262.31415213075,15676.437777654643,12661.766500136517,10935.451349438754,5455.765453559101,5495.930008852151,1200.0,10800.0,3,4,8,2,95872.83489999999,67082.75493333332
2025-07-06,68150.10009135373,86440.33445564819,290.04407079781396,86730.378526446,42533.381707607026,21220.273701594746,1922.6414535279582,65676.29686272974,21518.218374573073,17649.40687382654,3067.585475699472,5495.930008852151,5251.874463938431,1200.0,10800.0,3,4,10,4,141244.57465,61450.5931
2025-07-07,69451.5319160004,82491.69490258538,175.538581488859,82667.23348407424,42923.16748855656,14923.047620403078,1183.6404904328845,59029.85559939252,20560.053420073742,16392.002964807398,5089.700262141228,5251.874463938431,5542.5859144410215,1232.0011292267077,10800.0,3,4,6,3,141495.39415,68085.91138333332
2025-07-08,85768.40742042188,86871.56266939647,136.06644957954052,87007.62911897601,53848.241319189736,1570.147701900891,925.4065456918198,56343.79556678244,21557.900381279305,16887.464064127824,6765.805785157878,5542.5859144410215,6180.847297450369,1281.8677596136079,10800.0,3,4,6,3,141285.227,65713.83998333334
2025-07-09,85110.7332087736,85898.04686925033,103.80559277778036,86001.85246202811,53046.17772143317,1319.011703777221,699.9948038897182,55065.18422910011,20928.6485729207,16867.566710991912,7882.045583432666,6180.847297450369,6274.890223087989,1412.187446164502,10800.0,3,4,2,1,140590.70496666664,66531.97995
2025-07-10,77970.13429983813,78116.34335986206,152.74783097603944,78269.0911908381,49418.131834702595,264.9771661766862,1016.8406535284873,50699.94965440777,21836.39630170449,17824.574004057264,1403.6455098575357,6274.890223087989,6122.564667891737,1200.0,10800.0,3,4,7,4,140463.54225,67609.91886666667
2025-07-11,43552.28342684615,43627.55494662305,0.0,43627.55494662305,25901.799299764876,109.21934138670964,0.0,26011.018641151586,16422.289066468766,13146.218221625286,7832.7069517795735,6122.564667891737,6295.715692574426,1316.1058310246915,10800.0,3,4,0,0,94741.0884,62222.31125
2025-07-12,41850.05753678985,42990.454306441345,0.0,42990.454306441345,24454.793976886227,1585.3109416631219,0.0,26040.10491854935,16365.59463143227,13434.61425917744,8975.230600853187,6295.715692574426,6097.401683999646,1242.4938694477378,10800.0,3,4,0,0,95318.37109999999,64234.12776666666
2025-07-13,84242.65106044276,84255.78451960362,163.75349416646782,84419.53801377008,53861.03763202873,26.578899854373837,1105.9080511692791,54993.524583052385,19895.71844138269,15963.59858094618,11219.69775333359,6097.401683999646,6266.2165246372,1474.7112563323583,10800.0,3,4,5,3,139893.36648333335,70625.64608333333
2025-07-14,79602.50100687615,80793.40594971963,125.87453560950505,80919.28048532913,49238.53825178767,1919.7318540777987,788.1661214223795,51946.43622728785,19551.13244443533,15860.314318139574,5420.783142366725,6266.2165246372,6239.664260029468,1200.0,10800.0,3,4,8,4,141062.42346666666,69254.74424999999
2025-07-15,86440.52875190166,86440.52875190166,0.0,86440.52875190166,54291.205848055295,0.0,0.0,54291.205848055295,20226.655434807664,15477.802410170938,8942.6251439316,6239.664260029468,7246.0959178331,1797.262217371562,10800.0,3,4,0,0,139545.16266666667,66796.11208333334
2025-07-16,81453.5715470278,81453.5715470278,26.34128641025609,81479.91283343805,52217.560719615794,0.0,177.97490163089526,52395.53562124669,19046.91677736599,15578.378825811964,5876.8114985507,7246.0959178331,7079.0112110047485,1675.575588366572,10800.0,3,4,1,1,140365.26538333332,68230.702
2025-07-17,79974.54467307533,80599.69025731411,16.054313846153946,80615.74457116026,50640.409605823515,769.8389429289672,108.47097150153914,51518.719520254024,20779.7463335176,17197.068128600073,4312.6502995760775,7079.0112110047485,6672.929434948287,1566.0219879425886,10800.0,3,4,1,1,139569.15928333334,66848.74321666667
2025-07-18,46460.36184389633,46460.36184389633,0.0,46460.36184389633,28129.863904172937,0.0,0.0,28129.863904172937,15895.419640722803,12303.673153162861,11594.36725633639,6672.929434948287,7308.059163640076,1870.7955167141506,10800.0,3,4,0,0,93698.0732,62423.8251
2025-07-19,44405.992714257765,44405.992714257765,0.0,44405.992714257765,27074.97718846045,0.0,0.0,27074.97718846045,16216.094356555343,13942.468346955557,14949.547654657987,7308.059163640076,6410.9125879226,1451.1493189696093,10800.0,3,4,0,0,94564.52240000002,67381.70335
2025-07-20,83435.44308524058,83479.60003891925,9.785289102564207,83489.38532802182,52163.049523129,87.02523526356352,68.2621767794879,52318.33693517205,20441.713548997534,16301.658357303793,7259.35191966142,6410.9125879226,6695.501051682834,1679.0364766400992,10800.0,3,4,1,1,138750.53876666666,66660.56055
2025-07-21,84484.49857776772,84484.49857776772,21.792486538461617,84506.29106430618,53405.004995484414,0.0,152.02438609230825,53557.02938157672,20589.014026942044,16501.336712286324,6428.8643996504725,6695.501051682834,6890.795106723648,1765.855578874645,10800.0,3,4,1,1,138442.8198,64453.070449999985
2025-07-22,78676.77685158674,80752.64044510439,75.24615405982888,80827.88659916422,49936.13407953901,1514.3300713639426,507.5979663336527,51958.06211723661,21016.897678693145,17324.652406237736,3340.496710042151,6890.795106723648,6556.389232838885,1540.8867882377451,10800.0,3,4,3,1,139514.85881666664,65719.71419999999
2025-07-23,89952.77156145706,89952.77156145706,43.67659877136748,89996.44816022844,57244.12905893293,0.0,295.7326132547807,57539.86167218771,19539.101078186697,15895.510666125534,12136.310631500603,6556.389232838885,6479.9016852896475,1484.533987476259,10800.0,3,4,5,3,139450.03365,65233.48653333333
2025-07-24,88415.7353106,88422.08497903304,9.44098263888884,88431.52596167193,56319.7111346743,12.890731958892518,63.641663968749675,56396.24353060194,20154.278328392422,15801.1078089708,10461.883442250317,6479.9016852896475,7061.965726430828,1709.3492473923657,10800.0,3,4,1,1,138902.21751666663,65285.74551666666
2025-07-25,41406.84894028277,41406.84894028277,0.0,41406.84894028277,24544.029920781548,0.0,0.0,24544.029920781548,16610.43929234858,13861.655868851849,12152.74595011937,7061.965726430828,6609.521235264719,1530.7180919385078,10800.0,3,4,0,0,92354.83968333332,65849.52011666667
2025-07-26,42270.202896114315,42270.202896114315,0.0,42270.202896114315,24801.88177291068,0.0,0.0,24801.88177291068,16502.81567895959,13373.160754313032,10671.456404801094,6609.521235264719,6602.987841536089,1458.6822442426414,10800.0,3,4,0,0,93187.68993333331,64718.598366666665
2025-07-27,79782.65999672035,81679.49638475038,14.411959241452792,81693.90834399183,50020.90609609928,2355.0619409451892,97.03572157270165,52473.00375861717,20925.264083895716,17062.864067602517,4146.318527698647,6602.987841536089,6476.987664150549,1302.6919441861612,10800.0,3,4,1,1,138110.19628333332,64425.00648333333
2025-07-28,82906.850360426,83229.15714840837,142.75225519390898,83371.90940360227,52017.80076020202,645.6692910708947,691.476057985172,53354.94610925809,22299.023817936202,18239.708318832305,1357.7166711650548,6476.987664150549,6279.7665238127975,1200.0,10800.0,3,4,6,1,138228.99843333333,60274.121199999994
2025-07-29,80052.98138173221,82289.98754873971,91.90211180555593,82381.88966054526,50381.00365571449,1809.8258055531755,624.9194019964236,52815.748863264096,22308.89038164791,17794.817428374015,1798.5707572713884,6279.7665238127975,6585.748502435898,1466.6879448005711,10800.0,3,4,3,2,138314.74511666666,62245.49916666666
2025-07-30,72612.69054298301,80009.71107415797,0.0,80009.71107415797,46156.01632961489,6269.5654049465975,0.0,52425.581734561485,21752.855211531096,17676.80443700833,1830.4062496352033,6585.748502435898,6522.424373915734,1231.9426710064386,10800.0,3,4,0,0,138424.36443333334,64321.11038333333
2025-07-31,76325.01337886711,79425.79297728084,343.55949679083324,79769.35247407168,47717.09597948777,3894.364220806776,2377.7257276141354,53989.18592790868,21828.195697387266,17967.56776496554,1213.7282749832875,6522.424373915734,6203.83631826923,1200.0,10800.0,3,4,6,2,137423.31371666666,62728.31745
2025-08-01,41129.09965837607,41215.84814505023,0.0,41215.84814505023,24333.20681377657,103.36803571562173,0.0,24436.574849492194,16702.47597273432,13315.135147698842,16577.14765334809,6203.83631826923,6441.470085175851,1292.0413265218403,10800.0,3,4,0,0,92719.4241,71468.06443333333
2025-08-02,41782.0083309272,41782.0083309272,0.0,41782.0083309272,24827.05552383678,0.0,0.0,24827.05552383678,16279.94663463253,13144.98214257707,17720.01890553841,6441.470085175851,6487.886342370606,1296.6743123492383,10800.0,3,4,0,0,91562.24421666667,70635.21928333332
2025-08-03,64662.97018152896,65468.43273291344,481.139946232496,65949.57267914593,41572.86973861705,1620.8894912236333,3053.5081781831695,46247.26740802386,18572.89804772602,15584.653674990337,121.84832307692284,6487.886342370606,5887.212724223646,1200.0,10450.038318668685,3,4,13,4,138062.48614999998,75223.00616666666
2025-08-04,69264.63903391897,69975.77838121216,79.74613963891647,70055.52452085108,44759.776177065534,544.7444341885322,537.5055865632571,45842.02619781733,19960.27429201307,15768.824438303198,448.4195838078779,5887.212724223646,6330.5435444763025,1426.7951509700947,10800.0,3,4,3,2,138312.10695,72896.45186666667
2025-08-05,67104.61065759095,68660.09391926235,21.828576923076866,68681.92249618542,43171.02639959852,1310.2126266532016,147.1933867243586,44628.43241297608,19766.419348619438,16330.07339440617,93.26680863881745,6330.5435444763025,5975.794964449158,1243.5317015004407,10410.794154846188,3,4,2,2,136458.49728333333,71306.18755
2025-08-06,75011.73235801351,75011.73235801351,12.410653846153878,75024.14301185966,48606.86065617357,0.0,83.84952344871816,48690.71017962229,20127.37485956662,16324.919246955127,3107.288132581505,5975.794964449158,5951.633174775641,1377.4253843696592,10800.0,3,4,2,1,136716.08779999998,68601.68853333333
2025-08-07,76471.21702340074,77761.45598626803,40.59001613247847,77802.04600240052,47302.72986317436,1749.293188851689,273.97167910908007,49325.994731135135,19617.865924753343,15885.181224932252,10681.37605257943,5951.633174775641,5957.511146017823,1240.000968439476,10800.0,3,4,3,3,136850.75446666667,73462.76921666667
2025-08-08,39819.59163038951,39819.59163038951,0.0,39819.59163038951,23004.56241348789,0.0,0.0,23004.56241348789,16354.059231327159,13095.775599738694,20786.136748801044,5957.511146017823,6125.302676724833,1236.9613535909307,10800.0,3,4,0,0,90703.21611666666,74928.04486666666
2025-08-09,39119.04412513568,39119.04412513568,16.16970122489488,39135.213826360574,22811.073550444064,0.0,64.452429082431,22875.525979526494,16539.052483266063,13548.114587100963,17222.346930195472,6125.302676724833,5956.989259329889,1200.0,10800.0,3,4,1,1,90303.83174999998,71381.90275
2025-08-10,69532.37254257611,69540.3639237821,53.28868491885237,69593.65260870096,44723.42646621844,16.166200084207073,364.4157954060332,45104.00846170868,19558.187248444272,15587.115898031134,317.9622082878136,5956.989259329889,6240.34011845069,1433.568325964935,10800.0,3,4,2,1,136535.44471666665,71230.82566666667
2025-08-11,68035.8336261899,70346.48771835782,397.4741228539376,70743.96184121176,42750.951807915066,2425.6308779474994,2700.6892219742613,47877.271907836825,20709.921504705366,16954.09841513492,2426.8854183079857,6240.34011845069,6041.382344757835,1200.0,10800.0,3,4,9,3,136422.26351666666,71861.01018333333
2025-08-12,72869.514793229,74654.82977332274,264.2232770570677,74919.0530503798,45469.74120217171,2388.6045377155915,1719.720365127334,49578.06610501463,19380.78869912705,15555.128950295757,3332.849651548513,6041.382344757835,6200.615562532449,1200.0,10800.0,3,4,9,3,136637.5967,68877.05305
2025-08-13,65531.39600300881,71009.20022162399,241.52563001398153,71250.72585163798,41380.418403125426,5019.786860949416,1634.1008311232804,48034.306095198124,20040.453000570575,16095.041950751258,1184.3353518186673,6200.615562532449,6353.643317766782,1357.7819906239167,10800.0,3,4,6,2,136547.99718333333,70427.01773333334
2025-08-14,67234.73171754941,70457.24077327979,343.14144162678593,70800.38221490657,43293.26928119087,2592.1846790794452,2102.665761145726,47988.11972141604,20694.624503119936,17160.765616978795,1340.2323454321072,6353.643317766782,5911.288018376067,1200.0,10800.0,3,4,10,3,135936.05536666664,70009.76438333333
2025-08-15,39714.22710317308,40259.19148403207,59.162051249570105,40318.35353528164,23356.886855677003,673.8684103658244,251.9776371108508,24282.732903153676,16414.223996262568,13471.175701139344,20215.578356825077,5911.288018376067,5716.116613746438,1200.0,10800.0,3,4,5,3,89968.05776666666,72808.33088333334
2025-08-16,41064.23242658119,41892.40454256376,295.4499509808652,42187.854493544626,24611.88365019657,1058.546774219544,1839.5351793233506,27509.965603739463,16496.29046583116,12988.257672072863,21750.541333119658,5716.116613746438,6131.380619580193,1200.0,10800.0,3,4,3,2,90183.53034999999,73254.24998333334
2025-08-17,70916.03305085292,71731.083705523,260.2542289988645,71991.33793452186,44371.98362128765,1260.1668388149487,1760.7358784729547,47392.88633857555,19842.841521272232,16168.250698577036,5151.353495159996,6131.380619580193,6025.214990306267,1200.0,10800.0,3,4,7,2,135369.1165,72203.72288333334
2025-08-18,68441.17164650798,70264.01736742625,287.93073589610344,70551.94810332236,43736.6070052672,1427.9158290204332,1953.90565346203,47118.42848774967,21563.393978075277,17234.32345176982,1828.7619603502367,6025.214990306267,6283.02129082977,1348.5020379717919,10800.0,3,4,6,3,135710.17471666663,71316.0591
2025-08-19,66878.76931499355,68598.94978910618,258.87911453488584,68857.82890364106,42943.547564620974,1336.5914810363265,1666.880665150067,45947.01971080736,19737.263301547973,16306.41048465449,1109.3160367475793,6283.02129082977,5928.324390384615,1200.0,10800.0,3,4,7,2,135364.48288333332,71046.82283333334
2025-08-20,76054.68002733393,77640.10551764372,282.59379462627794,77922.69931227,47024.31512112532,2443.7492290074742,1879.6341050864498,51347.698455219244,22231.416282110593,18049.790880701887,3090.3828441946366,5928.324390384615,5881.275843504272,1200.0,10800.0,3,4,7,3,135048.05366666667,64397.36259999999
2025-08-21,71830.04581304539,72148.26114882073,167.5019866242839,72315.76313544501,45120.501690285164,421.6729332622617,1144.8996512507615,46687.074274798186,19421.005696864522,15661.3087251077,2711.6476803548626,5881.275843504272,5958.726831673789,1200.0,10800.0,3,4,8,3,134971.7989,69127.38041666667
2025-08-22,39460.599477027776,40307.570682359255,385.6345446689646,40693.20522702822,23106.10119708616,1121.0180464864775,2424.688538200342,26651.80778177298,16436.891165331836,13278.662162095356,16304.406823791742,5958.726831673789,5997.859811477607,1200.0,10800.0,3,4,5,3,90531.7304,69301.161
2025-08-23,38628.83787453126,39755.60748599753,16.863908142503305,39772.47139414003,22100.622562819677,1660.361175528462,65.46569140919783,23826.449429757336,16286.335460628394,13286.68789732851,14242.817680840151,5997.859811477607,5892.575173455927,1200.0,10800.0,3,4,1,1,89697.14623333333,67167.14008333333
2025-08-24,67613.73074949975,69128.38264998331,134.81327152295137,69263.19592150627,43805.26718637256,1783.5874281806653,743.5804635764671,46332.435078129696,20699.168373564695,16564.76346616038,1395.201530768612,5892.575173455927,6116.5339694859495,1200.0,10800.0,3,4,5,3,135068.0714,71334.48191666666
2025-08-25,89335.16668986234,89341.11162218062,88.41689462598526,89429.5285168066,56286.37696601662,12.049783594119857,596.2497992287721,56894.67654883952,19852.833835011785,16100.382535021552,14903.990200149703,6116.5339694859495,6094.770493194832,1349.4602358016698,10800.0,3,4,4,2,134511.61375,63738.52673333333
2025-08-26,68726.66660274504,70095.17609439044,40.491192479160304,70135.6672868696,44608.15230448896,1815.7755748723846,281.017876575958,46704.945755937304,20573.346456662253,16278.465623959317,311.9680708333326,6094.770493194832,6523.598277569397,1325.882309516856,10192.817443895907,3,4,3,3,134368.96393333335,68840.14555
2025-08-27,68243.72658213443,73203.68627537445,86.22913733974394,73289.9154127142,43905.15910477041,4344.033586434383,582.2622214033678,48831.45491260816,20746.864737851716,17250.331217146468,1879.233025342288,6523.598277569397,6028.74185591764,1239.6781001270408,10800.0,3,4,6,3,133788.3821,65874.23323333333
2025-08-28,67635.28469111727,75742.31929470718,597.2935398015389,76339.61283450872,42656.86874582991,7918.408100172091,3040.57688255842,53615.853728560425,22324.102800396024,17787.03688365785,1034.751934437211,6028.74185591764,6357.060061098674,1200.0,10800.0,3,4,13,3,134543.81656666665,63776.021583333335
2025-08-29,41360.372805534695,41360.372805534695,0.0,41360.372805534695,24580.892457547954,0.0,0.0,24580.892457547954,16674.275103335047,13628.415777478123,15759.293129677772,6357.060061098674,6221.2234569023,1330.1290245874866,10800.0,3,4,0,0,88328.33254999999,65773.1122
2025-08-30,39998.38113574305,40365.36983806787,37.11401761190355,40402.48385567977,23517.26854824236,536.722059444266,226.87798966156637,24280.86859734819,16064.487331940814,13342.478290776009,19167.754981181635,6221.2234569023,5854.286177009024,1200.0,10800.0,3,4,1,1,89025.08758333331,70512.36774999999
2025-08-31,67151.26252781945,70722.79669986272,523.7355518857767,71246.5322517485,43580.50225454666,4017.517389870436,2956.0021211540825,50554.02176557118,19629.61070141755,15401.04006748856,371.3385344861805,5854.286177009024,6408.669066630868,1200.0,9792.776785457858,3,4,10,5,133365.35983333332,66718.73675
2025-09-01,76220.61489062686,76220.61489062686,0.0,76220.61489062686,47428.935322570454,0.0,0.0,47428.935322570454,19337.3685113329,13085.334720726496,16394.44656668712,6408.669066630868,9273.039926023264,2832.176606600189,10800.0,3,4,0,0,121263.61926666666,67689.48473333333
2025-09-02,62765.90361132742,62765.90361132742,0.0,62765.90361132742,40521.15364603167,0.0,0.0,40521.15364603167,19270.845848644083,15767.704928365385,5205.006841048729,9273.039926023264,9097.12904717474,1662.791314814814,10800.0,3,4,0,0,121532.82414999999,67475.0683
2025-09-03,66707.61057927735,66707.61057927735,0.0,66707.61057927735,43130.05026801398,0.0,0.0,43130.05026801398,16776.5096367495,13658.315658779917,8041.699351307767,9097.12904717474,9020.081432716053,2801.581050985282,10800.0,3,4,0,0,121433.71643333332,65885.99918333333
2025-09-04,64948.9449762794,64948.9449762794,0.0,64948.9449762794,42972.52137101875,0.0,0.0,42972.52137101875,18432.583091323722,15060.748081784188,7651.544416739876,9020.081432716053,8875.241679591645,2281.4859629629655,10800.0,3,4,0,0,121061.17303333333,67135.60748333333
2025-09-05,36721.42381016238,36721.42381016238,0.0,36721.42381016238,22078.420627533913,0.0,0.0,22078.420627533913,17094.814336649255,13408.385557626072,26210.733364472537,8875.241679591645,9362.368407435895,3215.53125955128,10800.0,3,4,0,0,75132.98045,68308.71878333332
2025-09-06,36425.26134970726,36425.26134970726,0.0,36425.26134970726,21804.137546017148,0.0,0.0,21804.137546017148,17296.537890243486,13789.932370805553,25197.57213026933,9362.368407435895,9607.105429982194,3361.999496905271,10800.0,3,4,0,0,75826.37416666666,68105.29046666666
2025-09-07,60269.551267399365,60484.48450860965,0.0,60484.48450860965,39952.93971280224,132.6030631646829,0.0,40085.542775966926,18012.25012703783,15340.005160683759,2851.2559255889046,9607.105429982194,8773.680365778726,1943.4392962962959,10800.0,3,4,0,0,120781.00903333332,65820.02541666667
2025-09-08,59960.758125960216,62156.20191527705,0.0,62156.20191527705,37498.839477464266,2700.6525173420314,0.0,40199.491994806296,17298.332876223452,16220.058341612617,1682.357847332875,8773.680365778726,6319.892908143598,1579.8475928373302,10800.0,3,4,0,0,121400.59243333332,62005.022899999996
2025-09-09,56155.66870418095,58268.968197614086,47.75838716025794,58316.72658477434,35358.860522477065,2821.436689789839,250.82050488516836,38431.11771715207,20333.645101274462,16624.14990843388,1504.3971252670935,6319.892908143598,6148.895823252969,1200.0,10800.0,3,4,2,1,121082.23558333333,67979.40131666667
2025-09-10,64770.03762440869,66890.16054428977,512.5543181939065,67402.71486248367,39427.84889400316,2501.184216431537,2570.8357417277693,44499.86885216247,22196.73333261355,17798.123423362562,1688.1063032326933,6148.895823252969,6350.2631299801,1200.0,10800.0,3,4,5,1,121274.78848333332,59958.78983333333
2025-09-11,63164.02372091712,63164.02372091712,0.0,63164.02372091712,39505.03222129578,0.0,0.0,39505.03222129578,20670.419491905745,16854.421483936425,5851.939929614465,6350.2631299801,6226.5056905436895,1323.861522245967,10800.0,3,4,0,0,120746.77835,67250.69256666666
2025-09-12,31481.96822989957,32367.425631170743,0.0,32367.425631170743,17300.105309413113,1202.8679149295526,0.0,18502.973224342666,16381.494707389535,13029.23499283476,17463.50971661597,6226.5056905436895,6492.923157377868,1223.0695537650595,10800.0,3,4,0,0,75687.22711666666,64135.570916666664
2025-09-13,31393.95002021889,31828.085499113487,0.0,31828.085499113487,17193.04227727324,763.1977194765032,0.0,17956.239996749744,16631.878824496805,13563.79473888455,20752.8999301679,6492.923157377868,6390.731056219935,1299.5412041067195,10800.0,3,4,0,0,75063.58311666666,67056.48163333333
2025-09-14,68047.6946087842,68134.05578614993,0.0,68134.05578614993,42342.6915401787,156.8282581208897,0.0,42499.51979829959,18442.126778247424,15518.164191099682,5110.768449002199,6390.731056219935,5746.240499865202,1211.7540763108168,10800.0,3,4,0,0,121237.69566666667,61138.37091666666
2025-09-15,56322.3836403405,59528.11839409325,478.19542947753723,60006.31382357079,34877.17291013936,4045.0052608614405,2991.1707077875753,41913.348878788376,21347.92696114887,17236.124884372948,827.4811134615395,5746.240499865202,5808.124893373688,1200.0,10800.0,3,4,7,3,120760.02988333334,65692.99925
2025-09-16,66031.7266522614,68814.6087032794,197.60075110004917,69012.20945437945,40212.74573766724,3725.3982486814193,973.305952964793,44911.449939313454,20185.85693748327,16576.832104354988,5911.414637917847,5808.124893373688,5556.69379893641,1200.0,10800.0,3,4,8,3,121843.35746666667,62351.58748333332
2025-09-17,61971.45713670064,64364.181197429185,178.31727704371664,64542.4984744729,38476.328140445825,2818.2236432757322,1079.2899653688928,42373.841749090454,20977.205152817187,16992.851858723872,598.0267803795869,5556.69379893641,5555.231926778688,1200.0,10800.0,3,4,6,3,120924.79499999998,60964.6766
2025-09-18,56909.824592201025,64777.51273068528,496.3028824780615,65273.815613163344,35302.29468110787,7954.23674544094,2858.981401645481,46115.512828194296,20968.918815757817,16835.41081761402,2184.2564983528864,5555.231926778688,5721.246841389584,1200.0,10800.0,3,4,8,1,120804.11636666665,61848.06525
2025-09-19,30320.589232172453,32482.912250118705,0.0,32482.912250118705,16355.870816162798,3003.7250257714595,0.0,19359.595841934257,16141.751757211865,12914.08567350933,13153.893849749498,5721.246841389584,5899.8393412032365,1217.3224669405977,10800.0,3,4,0,0,75287.12646666667,59185.77414999999
2025-09-20,30247.680226570934,32342.045613163187,185.11452335205013,32527.16013651524,16270.577841440796,2873.997254695023,1184.6888889858951,20329.263985121717,16385.265886853238,13132.135608408005,13628.59612473668,5899.8393412032365,6055.316852251148,1200.0,10800.0,3,4,3,1,75330.72763333333,59685.2939
2025-09-21,61981.67604829209,66065.5906956486,407.8463649779742,66473.43706062657,37931.646288427735,3997.6701186990576,2492.8486755056724,44422.16508263247,20345.603177839155,16600.91165773412,4441.258057188213,6055.316852251148,5920.902314824029,1200.0,10800.0,3,4,7,2,120862.28298333334,62574.7955
2025-09-22,66021.28585972582,68242.67526397608,416.8128811260716,68659.48814510215,40826.817138971295,2794.5606350466915,2289.2439536263864,45910.62172764437,20492.503650737017,16777.82101071944,4330.785621751244,5920.902314824029,5722.132255243524,1200.0,10800.0,3,4,9,3,121218.04173333332,60604.02184999999
2025-09-23,65479.33864247633,66526.23995304239,673.8351683982974,67200.07512144068,40323.31428426925,1512.4844039272632,3847.4053593896174,45683.20404758613,22346.78787031683,17866.680387604105,603.3520553946391,5722.132255243524,5982.374241190787,1200.0,10800.0,3,4,12,2,121182.28133333333,59065.66575
2025-09-24,57842.59671603801,64772.26344017664,191.6238407121512,64963.88728088879,35854.60255562315,7466.7661494970325,1260.307149946478,44581.67585506666,20766.7597325099,16900.184474698028,34.08692307692286,5982.374241190787,5894.475250785224,1200.0,10648.290277188797,3,4,5,2,121014.19341666665,59950.968316666665
2025-09-25,61270.42949976855,68405.94407265908,268.49460218753404,68674.43867484662,38120.31747520414,6994.6701943824355,1363.2965385109208,46478.284208097495,19927.100784810402,16432.857096800937,4844.746086837164,5894.475250785224,5570.13584955798,1200.0,10800.0,3,4,7,2,120546.34714999999,60210.89825
2025-09-26,31506.380758100808,32016.81997093691,322.4562643950194,32339.27623533193,17023.97803171636,600.3004287331945,1765.3660395725278,19389.64450002208,16117.235803889773,12991.53341947668,11519.330350918835,5570.13584955798,5640.610940306916,1200.0,10800.0,3,4,6,3,74194.35371666666,56500.11021666666
2025-09-27,30492.20092770882,33172.257778997635,609.7474012066841,33782.005180204316,16234.002064436825,3538.974581921414,3508.7673825442653,23281.744028902503,16151.998175624882,13184.77696046004,13013.481715039483,5640.610940306916,5527.657120080375,1200.0,10800.0,3,4,6,3,75945.77175,58144.46949999999
2025-09-28,62622.45546951539,69626.9995615517,5.868333333333339,69632.86789488503,38505.29227078687,7580.890422367184,39.56136916666671,46125.74406232072,21244.651827399044,17170.211288375056,2070.798189194378,5527.657120080375,5569.831222100567,1283.6873113029787,10800.0,3,4,1,1,120389.61958333333,56901.99041666666
2025-09-29,66460.08763026074,66949.53784924868,649.1396029402415,67598.67745218892,41206.52859579177,724.3646826858337,3998.4110250914205,45929.30430356903,22156.90477645734,17837.49464784017,519.3757235717576,5569.831222100567,5691.607023311983,1200.0,10800.0,3,4,7,3,121111.4148,58351.523199999996
2025-09-30,65430.42424623955,70762.4915621392,97.26583213785341,70859.75739427705,41104.69128694976,5363.910339393136,622.6446133325703,47091.24623967547,22132.516190101887,17891.052581713022,1196.1190192215213,5691.607023311983,5731.924281389205,1200.0,10800.0,3,4,3,2,120916.45506666665,55494.2803
2025-10-01,61858.56687534126,62075.1283540134,0.0,62075.1283540134,37943.52231146727,287.6792208612359,0.0,38231.20153232851,22041.84351870957,16579.356929467,6951.120231437506,5731.924281389205,7148.075748820036,1592.3134627754057,10800.0,3,4,0,0,117218.45471666666,67556.93318333334
2025-10-02,67077.53864542049,67200.16852396092,0.0,67200.16852396092,41740.55270446018,187.4100115710666,0.0,41927.962716031245,19799.608833663937,15574.538786015746,11244.31535964606,7148.075748820036,7662.68060354453,2091.2890840934506,10800.0,3,4,0,0,117231.70978333332,65500.92666666665
2025-10-03,28379.992110816333,29388.224887423214,53.07748969237055,29441.302377115586,14969.87398519734,1320.0336065307633,214.75152329533125,16504.659115023434,16733.449563658578,13842.294971717893,18732.994085174905,7662.68060354453,7342.457464484033,1200.0,10800.0,3,4,1,1,71524.19113333334,63707.03743333333
2025-10-04,31188.61003768018,31229.365819723855,121.91648089262607,31351.28230061648,16982.05080947387,75.2738916455635,435.78937205495015,17493.114073174384,16689.90148065646,13432.882178977536,14998.280565604224,7342.457464484033,7437.944153766475,1200.0,10800.0,3,4,2,1,72397.41483333333,59301.43239999999
2025-10-05,65811.26399626612,66644.60844355587,0.0,66644.60844355587,40571.1656808141,1064.9633860983704,0.0,41636.12906691247,18826.957434343636,15390.221337619381,8471.911280164959,7437.944153766475,7281.95991398755,2004.7554392972752,10800.0,3,4,0,0,117604.4209,62868.45983333333
2025-10-06,58300.68333173392,61777.309507688566,20.572250652925845,61797.88175834149,36708.46694887332,3373.3605149931236,99.77541566669034,40181.60287953314,20696.52052140837,16818.235210502768,186.48719743589777,7281.95991398755,7221.900371585332,1200.0,10760.199925433873,3,4,1,1,117896.13613333332,60163.02688333333
2025-10-07,60356.79788328126,63175.74307239575,0.0,63175.74307239575,37463.684970839924,3025.910919377199,0.0,40489.595890217126,20885.653178392502,16915.112673559343,1433.6395675626009,7221.900371585332,7224.4185948504255,1291.9509973438992,10800.0,3,4,0,0,117357.17863333333,59585.615633333335
2025-10-08,55596.08114637346,58534.494248084724,622.1249324991875,59156.61918058391,33917.26675974531,2960.869935015762,3564.5923116935637,40442.72900645464,20048.55138703048,17402.30698769327,31.87911458003441,7224.4185948504255,5932.218190185332,1200.0,10684.749774234326,3,4,9,3,117391.06235,60912.56668333333
2025-10-09,67343.20166100476,67617.67341943923,244.56235656230058,67862.23577600153,40769.549381465346,485.07728177757957,1620.4058441300335,42875.03250737296,20496.05773201154,16593.58500633447,8199.781366991127,5932.218190185332,5941.353475290757,1200.0,10800.0,3,4,4,2,117432.98973333332,61673.00805
2025-10-10,29748.38955647977,30570.033075771295,186.47745743762536,30756.51053320892,15196.304898669681,1142.780176184481,760.170135510507,17099.255210364667,16134.78190871263,13214.083033941592,18492.200741771212,5941.353475290757,5780.342710974805,1200.0,10800.0,3,4,2,2,72371.53011666666,63027.91919999999
2025-10-11,31917.7566592643,32043.406833305708,66.98311229576882,32110.389945601477,16347.981100824627,230.4298541745361,409.46776546403476,16987.8787204632,16485.623991734752,12992.798473385048,14511.250843918437,5780.342710974805,6180.961555330484,1200.0,10800.0,3,4,1,1,71790.96475000001,57684.65116666666
2025-10-12,62511.06925016698,63814.16663593277,144.35652767502108,63958.523163607795,37774.89037918467,2229.006458647224,959.0597298609471,40962.95656769284,20466.810760002372,16848.831347307052,1825.5877675791403,6180.961555330484,5880.167520102563,1200.0,10800.0,3,4,2,2,117709.38418333331,59194.428199999995
2025-10-13,65612.26111649178,66378.6057777935,0.0,66378.6057777935,39828.950651806124,961.5972504995912,0.0,40790.54790230571,22074.707888335077,17578.163898696213,4854.666488154651,5880.167520102563,6216.111398830562,1214.3517586490175,10800.0,3,4,0,0,117677.75383333332,60650.358533333325
2025-10-14,67481.3061064777,68235.6367378351,241.96544065754566,68477.60217849264,41126.80003383878,960.3165864844659,1177.546358602084,43264.66297892533,21449.776315612435,17601.70206060753,3855.698640154422,6216.111398830562,5963.463348873391,1200.0,10800.0,3,4,3,1,118032.22918333333,57258.3999
2025-10-15,69990.6262327454,70076.9661244897,324.2840649918652,70401.25018948157,42572.07010161449,144.53547123250726,1812.6025395073668,44529.20811235436,21893.53305649288,17768.064163201834,4355.7576461905155,5963.463348873391,5925.349585048281,1200.0,10800.0,3,4,8,1,117342.48076666666,55422.45711666666
2025-10-16,66221.9931597121,67674.7401755332,291.990291410092,67966.73046694329,40554.39421479931,1897.6071628252726,1782.1611180505429,44234.162495675126,21943.195638292098,17718.336430639483,775.3983092906676,5925.349585048281,5987.1851810228545,1200.0,10800.0,3,4,8,1,117733.27633333334,54766.80338333333
2025-10-17,29712.247739301652,30733.43553323111,430.21008165724214,31163.64561488835,14884.376484859895,1354.470137802917,2065.4418434926474,18304.28846615546,16219.266066148863,13268.724048026786,12208.90428009961,5987.1851810228545,5841.497920527065,1200.0,10800.0,3,4,7,1,71943.17253333333,55938.973216666665
2025-10-18,31900.170030222223,32074.631024450693,0.0,32074.631024450693,16736.208112256394,181.13060249856576,0.0,16917.33871475496,16156.906265448815,13003.770871863619,12844.902364198831,5841.497920527065,5934.079257360313,1310.3884729050321,10800.0,3,4,0,0,71656.70145,55580.10818333333
2025-10-19,67755.04087780925,69295.39768613219,285.5558360957717,69580.95352222795,41663.78617595414,1263.352082275898,1850.7530374327996,44777.891295662834,22704.2113421749,18323.81660894541,1314.8362556651339,5934.079257360313,6008.073233156158,1200.0,10800.0,3,4,5,2,117991.24738333334,54105.52485
2025-10-20,72131.5067544345,72181.42100942078,225.88220519838455,72407.30321461917,44647.31925022669,65.74860818748878,1376.569172425944,46089.637030840124,21589.67238277957,17655.108372137554,4031.9568373104885,6008.073233156158,5821.991297504932,1200.0,10800.0,3,4,6,1,117903.31864999999,53462.53628333333
2025-10-21,71355.52388706742,72732.27168014468,42.19550779377855,72774.46718793846,43535.50887380309,1446.080708876472,222.06624410799503,45203.65582678756,22615.035988543492,18276.95732830846,1973.8071777034306,5821.991297504932,5867.793322406894,1200.0,10800.0,3,4,2,1,117800.84898333333,51338.26763333334
2025-10-22,68051.34172121798,70440.1627823181,337.67722418877736,70777.84000650689,41795.34921521462,2245.3375743617753,2197.0624740521807,46237.749263628575,22810.847506398834,18476.505806619905,888.6016067279634,5867.793322406894,5868.105181921507,1200.0,10800.0,3,4,5,2,117671.98653333331,52117.08983333333
2025-10-23,79010.00807151884,79863.68569046962,44.32542157258297,79908.01111204221,48513.79990321047,1246.9357208727447,309.2141408903388,50069.94976497356,19030.61929342909,15426.484305807411,12924.379091087203,5868.105181921507,5855.124428443899,1200.0,10800.0,3,4,1,1,117212.01551666667,53832.518483333326
2025-10-24,31789.159169724677,32404.007754153157,365.38386795826034,32769.39162211142,16293.771923303451,805.3995420228493,1980.596096277775,19079.767561604076,17109.153065261195,13756.42774916342,10996.615589346975,5855.124428443899,5968.44246588629,1200.0,10800.0,3,4,6,3,72135.51853333332,53715.46781666666
2025-10-25,31626.071115050894,32099.484884654838,434.23219436166147,32533.7170790165,16204.572872467139,642.7387997963722,2197.593379015355,19044.905051278864,16553.62856915756,13436.035603789402,10017.691380315007,5968.44246588629,5937.779729473211,1200.0,10800.0,3,4,5,3,72042.787,52644.35426666666
2025-10-26,73016.52467339474,74224.2794718645,0.0,74224.2794718645,44851.89008316345,1491.3503732831614,0.0,46343.24045644661,20182.74176919752,16170.679751542662,5667.905437542975,5937.779729473211,6134.825375592468,1340.1406944247924,10800.0,3,4,0,0,117422.34435,52878.03233333333
2025-10-27,65744.93775622836,70729.35550253864,82.62582431142232,70811.98132685007,40744.719108411824,4515.1799731181,464.46878390694206,45724.36786543687,21767.95599822529,17828.635747642875,3320.079409600977,6134.825375592468,5916.39049883649,1200.0,10800.0,3,4,6,3,117790.56431666666,54237.98265
2025-10-28,66089.74484834407,70822.16354674137,194.98873061018662,71017.15227735156,40835.077929424,4404.087134202982,1278.7194325069186,46517.8844961339,22001.35664405798,17738.117897696637,781.4918309902268,5916.39049883649,6008.591592159081,1200.0,10800.0,3,4,5,1,117514.14480000001,51541.723099999996
2025-10-29,74424.28163997624,75232.77985776313,204.67967046088154,75437.45952822402,45678.49654950609,1075.5657700857007,1269.642477150633,48023.70479674242,23264.2536443484,18893.206152127193,1754.1552360028077,6008.591592159081,5953.968591931317,1200.0,10800.0,3,4,6,1,117721.61451666665,48409.357716666666
2025-10-30,65425.64227236791,69129.48380713654,191.14825328577794,69320.63206042231,40446.23624565785,3802.807499882031,1047.4693770703918,45296.51312261027,22056.031034125837,17931.8327747955,408.61615109197305,5953.968591931317,5880.137883982906,1200.0,10800.0,3,4,6,3,116916.07056666666,52128.252916666665
2025-10-31,34189.42459300781,34200.443782363036,0.0,34200.443782363036,18195.811688838257,17.755219808078202,0.0,18213.566908646335,17352.02996559565,13936.126375837077,6880.248125937799,5880.137883982906,6012.3799909777945,1213.4118549322116,10800.0,3,4,0,0,71748.98903333332,47844.69696666666
2025-11-01,33023.58520332794,33434.91786957653,0.0,33434.91786957653,17302.36606285834,522.6380721252181,0.0,17825.004134983556,17208.09958504233,13692.00256915088,7374.782420351748,6012.3799909777945,6286.333429570474,1290.9946283203133,10800.0,3,4,0,0,71974.20948333332,49430.17105
2025-11-02,72158.5825348428,74994.76044409693,303.6626333614119,75298.42307745834,44805.97002032766,2797.665320922805,2083.1531244637395,49686.7884657142,22517.977897665998,18463.648927639082,2447.710174098085,6286.333429570474,6037.348062315335,1200.0,10800.0,3,4,3,1,117843.23631666665,49046.85238333333
2025-11-03,77919.59148964961,78100.72556354757,0.0,78100.72556354757,48019.44851740397,291.2372659590263,0.0,48310.685783363,21984.398357338236,17585.218337445855,4196.61526032186,6037.348062315335,6284.1750978688,1414.3823157611373,10800.0,3,4,0,0,117808.91503333332,48303.98475
2025-11-04,71308.70040013522,72543.5900429248,372.60722052929697,72916.1972634541,44023.365055847695,1359.9356434215852,2412.291238205647,47795.59193747493,21993.270104211835,18059.61505126017,1402.470177169107,6284.1750978688,6011.879245814816,1200.0,10800.0,3,4,5,3,117396.61073333332,49816.5387
2025-11-05,80210.36446992033,80309.36250312683,0.0,80309.36250312683,49899.31247630772,156.75790453995128,0.0,50056.070380847676,22840.716545696316,18204.933299856337,5995.559190620181,6011.879245814816,6340.820470434455,1440.879441544525,10800.0,3,4,0,0,117764.40761666666,48086.38755
2025-11-06,73883.52120737471,77206.60700349163,32.77098290844049,77239.37798640007,45605.452544584834,3948.2169714964257,151.76499670426404,49705.43451278553,22094.327671830164,18239.746581742034,2015.2123463119494,6340.820470434455,5959.330284257121,1200.0,10800.0,3,4,2,1,117713.09413333333,46343.50958333333
2025-11-07,33940.57262024164,34572.64136469582,0.0,34572.64136469582,17645.49055884799,859.8920506105544,0.0,18505.382609458542,18586.976821837117,14785.506567182352,7452.70932670772,5959.330284257121,6259.268793707914,1216.0470183542266,10800.0,3,4,0,0,72212.37866666666,48893.91688333333
2025-11-08,33829.860174434485,34036.601735512566,0.0,34036.601735512566,17699.883010665813,258.45366777573975,0.0,17958.336678441552,17336.69889944456,14114.90145828978,7023.597194357788,6259.268793707914,6179.073960663819,1266.2537156495735,10800.0,3,4,0,0,72034.86681666666,48243.65971666666
2025-11-09,77374.15897064417,77709.46564229793,0.0,77709.46564229793,48117.695889695824,449.33010036648875,0.0,48567.02599006231,22761.38317892292,18495.579238462167,2096.844518503839,6179.073960663819,6113.67522340315,1252.5883718695811,10800.0,3,4,0,0,117877.67016666666,46530.85298333333
2025-11-10,78238.59577658221,80773.21353464706,193.2365206385483,80966.4500552856,48704.5106867783,2516.4216948320163,1150.9141462739744,52371.84652788429,22988.73085208906,18628.08455624473,2747.360659441286,6113.67522340315,6105.6612611224955,1200.0,10800.0,3,4,4,3,118420.10276666665,44561.65966666666
2025-11-11,80338.19476056559,80467.2185343751,0.0,80467.2185343751,50445.08430132388,202.53390636503082,0.0,50647.61820768891,21331.51868442078,17173.49948274043,4750.179666028109,6105.6612611224955,6222.361985167381,1440.9351099448231,10800.0,3,4,0,0,117957.86744999999,46398.84778333333
2025-11-12,77048.26366872214,78525.8639687311,83.90077794871729,78609.76474667981,47844.68153121086,1664.7604760099039,585.2918269702518,50094.733834191014,22543.860463587167,18393.290553533174,3503.2070866258146,6222.361985167381,6074.846898470085,1200.0,10800.0,3,4,1,1,117416.71383333333,46460.726083333335
2025-11-13,74823.71986029675,77512.60056383086,65.63965554669369,77578.24021937755,46637.95658107734,3207.938782052014,456.3215212897539,50302.21688441911,22468.104869954157,18029.222224035526,743.4862567922592,6074.846898470085,6263.672143611581,1200.0,10800.0,3,4,2,2,117780.10726666667,45384.23595
2025-11-14,34851.536296743696,34851.536296743696,0.0,34851.536296743696,18542.765155338966,0.0,0.0,18542.765155338966,17794.291352593653,14438.615757115385,3897.405401265434,6263.672143611581,6235.627964150997,1344.636575740742,10800.0,3,4,0,0,71737.89309999999,44139.4378
2025-11-15,36381.38707009497,36422.41089622394,13.322103601000219,36435.73299982494,19183.53258046906,48.148027210226154,54.06676995038383,19285.74737762967,18231.594027724557,14932.67832622108,4924.930381654798,6235.627964150997,6052.19778219079,1200.0,10800.0,3,4,2,2,72466.97681666666,44255.0899
2025-11-16,77517.09930297625,80380.72783761748,0.0,80380.72783761748,48292.47551306059,3464.1887103483655,0.0,51756.66422340896,23323.80558096552,18757.383518831637,1379.7613921502698,6052.19778219079,6202.085561913492,1397.9585294382682,10800.0,3,4,0,0,118360.27023333333,43925.725849999995
2025-11-17,74606.0252409574,79243.01989421409,0.0,79243.01989421409,46728.26767255332,4540.274962922531,0.0,51268.542635475846,22662.662817214077,18304.20984781683,2188.8125914835186,6202.085561913492,6260.471155387466,1330.862156980057,10800.0,3,4,0,0,117269.71065,44573.95631666666
2025-11-18,78502.1765488757,79941.72363443873,0.0,79941.72363443873,48977.43563448495,1841.7362389800394,0.0,50819.17187346499,24398.629980088317,19744.283302466254,396.8251234833448,6260.471155387466,6281.14557917112,1234.1886167176326,10800.0,3,4,0,0,117783.6865,42893.134666666665
2025-11-19,77440.33015570688,82196.05009140019,46.815765310963684,82242.86585671116,48258.78786292524,5469.3617135011655,214.6397681057681,53942.789344532175,22474.657707230625,18502.75298421019,2902.6495336907283,6281.14557917112,5949.7230887784735,1200.0,10800.0,3,4,3,2,118179.70134999999,42811.389749999995
2025-11-20,78043.89540782926,80225.97935559454,0.0,80225.97935559454,48594.40150016331,2454.742556698447,0.0,51049.144056861755,24198.028862535713,19520.862429522982,755.7368892484772,5949.7230887784735,6038.101921146188,1224.6681381689314,10800.0,3,4,0,0,117846.45723333332,43053.381199999996
2025-11-21,35435.171269409955,36205.04173267989,0.0,36205.04173267989,18836.805738776857,886.7203681995175,0.0,19723.526106976373,18034.937888318036,14352.498888860662,3658.2186665558547,6038.101921146188,6322.325033009469,1528.8721491661638,10800.0,3,4,0,0,71999.1771,43134.793033333335
2025-11-22,38955.207122450964,39012.83623494592,0.0,39012.83623494592,20312.428283526027,92.8577889631218,0.0,20405.28607248915,18500.227907031265,15169.678783872565,5462.457628453887,6322.325033009469,6117.331500590315,1345.7608182712272,10800.0,3,4,0,0,72549.91013333332,42330.08065
2025-11-23,79164.20430563384,81343.4110391099,27.239950371794066,81370.65098948168,49528.299998602815,2651.3523188083877,127.6327874670411,52307.28510487824,23103.403025423533,18733.141037985886,1768.2927187107077,6117.331500590315,6095.793070153846,1200.0,10800.0,3,4,1,1,117782.69219999999,42550.595916666665
2025-11-24,77701.46140129761,78633.52522729972,140.90232379825318,78774.42755109796,48501.71069460102,1209.9248493794485,824.8673915534007,50536.50293553387,23719.72317717901,19455.607298561376,348.3679724803337,6095.793070153846,5826.202486768987,1200.0,10800.0,3,4,6,2,117975.68781666666,43813.74411666666
2025-11-25,89704.14450293341,89704.14450293341,0.0,89704.14450293341,56888.5969953298,0.0,0.0,56888.5969953298,22348.09366135091,17970.49973529914,9157.890110214996,5826.202486768987,5972.264853874647,1221.150086000004,10800.0,3,4,0,0,117682.39221666666,41513.73175
2025-11-26,84516.15000074575,84813.0716105457,32.99316666666664,84846.06477721236,52948.23881969947,381.41527435936996,154.53999266666654,53484.19408672551,24714.91024675697,19724.65917865264,3098.146825774703,5972.264853874647,6299.396099675209,1349.9673233732155,10800.0,3,4,1,1,117686.43673333332,40928.76985
2025-11-27,81543.78800816703,82228.83334877662,0.0,82228.83334877662,51233.33841660671,853.050332893842,0.0,52086.388749500555,23281.751923429947,18935.29649082184,2101.4851828351934,6299.396099675209,6213.754507626779,1252.7293724045567,10800.0,3,4,0,0,117198.14164999999,41417.248916666664
2025-11-28,36414.888437975096,36481.32422724049,157.2157935455072,36638.540020786,19203.282353675346,88.90053238662954,961.0601459436855,20253.24303200566,19131.859862227284,15529.148425813977,2114.5900343726894,6213.754507626779,6177.819021615808,1200.0,10800.0,3,4,1,1,72239.02128333334,41317.78273333333
2025-11-29,46114.55207914852,46114.55207914852,0.0,46114.55207914852,23900.2208811507,0.0,0.0,23900.2208811507,18211.41310357661,14825.346366495725,7799.035242067637,6177.819021615808,6095.483740950619,1424.7971788224138,10800.0,3,4,0,0,72156.19988333333,37226.74978333333
2025-11-30,84456.79171624355,86339.2944489787,59.00357256410018,86398.29802154281,52976.14765602843,2094.117638392757,397.71290820716246,55467.97820262835,25112.142006824793,20442.051374132254,1483.3792721836048,6095.483740950619,5983.021131390426,1200.0,10800.0,3,4,2,2,118008.83443333332,37764.00631666666
2025-12-01,87983.85348162721,95648.35758064246,144.42174101242,95792.77932165489,56003.78938489276,10392.27918112002,673.6770712491127,67069.74563726189,26085.70000506838,19945.542800920502,3353.6943841736756,5983.021131390426,7298.436912706974,1200.0,10800.0,3,4,2,1,125291.39163333333,38992.4639
2025-12-02,89880.64750539258,97304.24276620253,4.065989857492582,97308.30875606003,57239.19251655357,10327.350177463803,20.002637103934756,67586.5453311213,24621.680847445794,20153.003087687954,4201.821046302185,7298.436912706974,7065.724022421578,1200.0,10800.0,3,4,1,1,125400.62359999999,36762.81365
2025-12-03,80321.60482379056,95063.70157845257,64.08500000000004,95127.78657845258,50816.012985422145,17682.040124829484,291.5547075000002,68789.60781775163,24119.55802369456,19567.274726008305,3412.7547140996658,7065.724022421578,7031.909881515232,1945.378388564065,10800.0,3,4,1,1,124622.93113333332,37460.18256666666
2025-12-04,88078.74316853457,95429.45906280303,25.29559918163534,95454.75466198467,56524.93561474537,10414.418289107862,138.56929231699837,67077.92319617023,24752.062714867716,20067.499983232374,3998.983180349333,7031.909881515232,7011.544121304643,1317.4017228155453,10800.0,3,4,1,1,125336.25094999999,38565.042199999996
2025-12-05,40366.94721826285,47078.218627064285,407.2263255886347,47485.44495265292,21227.297276470134,7118.200108260949,2050.1280391991277,30395.62542393021,20460.139284805176,16421.654989035567,2135.3329735499806,7011.544121304643,7179.386156478676,1200.0,10800.0,3,4,4,1,78868.07108333333,37556.443400000004
2025-12-06,43125.27776970898,49546.07165331529,0.0,49546.07165331529,22638.20098605573,7021.963903595028,0.0,29660.164889650758,19941.868964902907,16036.464639424921,1976.0365111706449,7179.386156478676,7308.774181085829,1560.894761301965,10800.0,3,4,0,0,79470.82115,35806.19033333333
2025-12-07,91477.53021357166,96604.3787250898,22.282032800338357,96626.66075789015,58660.822800412076,7153.9736644174045,129.42518752076532,65944.22165235024,24501.595059937685,20176.37159560118,4648.75604355364,7308.774181085829,6942.019073250648,1670.9845467982145,10800.0,3,4,1,1,125067.46291666667,37414.78166666666
2025-12-08,97176.26246095763,97258.71010832133,0.0,97258.71010832133,62426.49070732022,102.52199054894,0.0,62529.01269786916,22978.884041313366,19234.1735956689,5666.78854601019,6942.019073250648,6251.710715245013,1241.9847512820509,10800.0,3,4,0,0,124410.35393333333,36563.14281666666
2025-12-09,96915.45765691306,97111.15645534455,51.58904953613135,97162.74550488069,62157.40658207803,270.07861737019925,281.98460182513134,62709.469801273364,24489.316599180704,19898.766747638936,5183.741386672238,6251.710715245013,6182.354823797721,1200.0,10800.0,3,4,5,3,124694.68108333333,37306.22681666666
2025-12-10,92723.64498727734,94186.57064006676,179.41811010199487,94365.98875016875,59028.190896938206,1302.2823610370676,818.0543897183193,61148.52764769359,25523.700150096192,20789.79239735227,1244.4625307581782,6182.354823797721,6053.915628492877,1200.0,10800.0,3,4,3,2,124378.76451666666,35991.146049999996
2025-12-11,96814.77274623694,96814.77274623694,0.0,96814.77274623694,61917.090869179105,0.0,0.0,61917.090869179105,23810.939445554504,19115.363499273502,6157.942099955939,6053.915628492877,6244.46835252137,1387.133778056983,10800.0,3,4,0,0,123787.79896666665,37826.544266666664
2025-12-12,48806.68912136514,49946.709641142974,0.0,49946.709641142974,25224.466916120808,1052.249604899408,0.0,26276.716521020215,21025.78506639171,17105.385795251645,2311.8968866695805,6244.46835252137,6161.690695327635,1277.7737700142452,10800.0,3,4,0,0,78661.70368333333,34947.2902
2025-12-13,50249.39836425134,50804.67378981125,0.0,50804.67378981125,26093.83474064921,601.4092526244945,0.0,26695.243993273703,20373.356481185518,16358.95270828811,2991.736633580506,6161.690695327635,6321.097408074478,1360.0983199548207,10800.0,3,4,0,0,78840.15755,35041.62416666666
2025-12-14,91789.97272010954,94267.06513264729,712.9682207655752,94980.03335341286,58480.4797140111,2379.719005829693,3427.797650500868,64287.99637034166,25126.90237140967,20485.041433626815,1559.4506156300072,6321.097408074478,6174.152393868945,1200.0,10800.0,3,4,4,1,124522.58585,35743.86405
2025-12-15,93271.14384619262,95573.3987262194,138.47501531645176,95711.87374153585,59341.94081907516,2686.271594068252,866.3706201621798,62894.58303330559,24571.274292196962,19956.140708225692,1627.1821908979337,6174.152393868945,6114.809581039885,1200.0,10800.0,3,4,2,2,124305.22548333333,34835.66751666667
2025-12-16,98680.06777006251,98680.06777006251,0.0,98680.06777006251,63752.46074109804,0.0,0.0,63752.46074109804,23847.46928781154,19271.831200619657,4686.338349537304,6114.809581039885,6164.3861616039885,1398.7540168091182,10800.0,3,4,0,0,124646.94338333333,35228.85205
2025-12-17,98737.55343235438,98737.55343235438,0.0,98737.55343235438,63148.21353017829,0.0,0.0,63148.21353017829,23638.194867661703,19154.99717002137,6062.508668047374,6164.3861616039885,6155.431353586899,1228.9610544159575,10800.0,3,4,0,0,124466.55465,36274.70758333333
2025-12-18,93760.55066740344,93814.28290206632,0.0,93814.28290206632,60186.37271054002,39.30724767698449,0.0,60225.679958217,24986.750114579507,20233.142685940173,1694.4085067603232,6155.431353586899,6162.236805663819,1319.4818625783487,10800.0,3,4,0,0,124315.35926666667,36949.0923
2025-12-19,47727.07814888863,47727.07814888863,12.379728382902773,47739.45787727153,25077.731564195645,0.0,61.10014943381664,25138.83171362946,20319.526419038724,16653.771691339316,1165.311849572118,6162.236805663819,5945.619814643875,1200.0,10800.0,3,4,1,1,78593.32543333333,35684.93413333333
2025-12-20,50933.473558004116,50933.473558004116,0.0,50933.473558004116,26802.179295905313,0.0,0.0,26802.179295905313,20582.731152260207,16502.058124423078,3996.4482801669837,5945.619814643875,6134.457713430202,1323.1265705840472,10800.0,3,4,0,0,78668.52011666665,35812.16786666666
2025-12-21,96942.4726547676,96942.4726547676,12.144880876068441,96954.61753564366,62044.40444012804,0.0,70.54354056864354,62114.947980696685,24486.504300889515,19734.016168461538,3164.3475365490094,6134.457713430202,6245.626952606836,1258.2143017094018,10800.0,3,4,1,1,124376.44096666665,35338.659100000004
2025-12-22,94422.96840036244,94422.96840036244,240.22130499999867,94663.18970536244,60503.357103589035,0.0,1329.444648609863,61832.801752198895,24673.438475376177,20138.005552329058,1190.3296989820064,6245.626952606836,6076.159855635327,1200.0,10800.0,3,4,7,2,124718.45381666666,35781.02673333333
2025-12-23,97212.61306580035,97212.61306580035,0.0,97212.61306580035,62259.18574483352,0.0,0.0,62259.18574483352,23822.958622052334,19108.977888547008,5240.539798961698,6076.159855635327,6284.624961541311,1349.8552225014255,10800.0,3,4,0,0,123956.65456666666,36698.562033333335
2025-12-24,95811.69700952682,95811.69700952682,105.45899423076912,95917.15600375758,61605.44998379669,0.0,723.3339840310889,62328.783967827774,24212.78152402448,19732.685374190594,3582.500537257044,6284.624961541311,6150.922361840458,1200.0,10800.0,3,4,2,2,123954.37128333331,36099.81196666666
2025-12-25,92317.84909945076,93567.24391862507,246.9811727454091,93814.22509137048,58664.72025499749,1359.2009680893102,1711.3055544202132,61735.226777507014,25058.198811190705,20352.37129762858,1295.949044475041,6150.922361840458,6089.555405658118,1200.0,10800.0,3,4,3,2,123789.8579,35977.40936666667
2025-12-26,48275.61975693363,48440.980360192065,0.0,48440.980360192065,25249.200411527552,171.12342028199117,0.0,25420.323831809543,21409.460836622617,16836.103494839856,860.0005850759717,6089.555405658118,6651.2884976852965,1507.7701803536274,10800.0,3,4,0,0,78270.30764999999,35262.685216666665
2025-12-27,49480.815155552395,49480.815155552395,0.0,49480.815155552395,25733.895252179274,0.0,0.0,25733.895252179274,20778.529862037183,17174.688608830984,2538.164835679531,6651.2884976852965,6268.978030373219,1261.2511070826217,10800.0,3,4,0,0,78409.18393333333,35070.374866666665
2025-12-28,95413.93131607444,95413.93131607444,0.0,95413.93131607444,61163.052429934636,0.0,0.0,61163.052429934636,23771.121440972882,19242.040943141026,4075.596068242583,6268.978030373219,6282.9418348698955,1306.8951223513775,10800.0,3,4,0,0,123511.26975,36702.015
2025-12-29,94451.3493946639,94451.3493946639,0.0,94451.3493946639,60003.38752638609,0.0,0.0,60003.38752638609,24792.482325473255,20172.131534893168,2307.232337417162,6282.9418348698955,6182.696444581194,1358.5373907663804,10800.0,3,4,0,0,123677.30638333333,36153.54011666667
2025-12-30,95006.83256534979,95006.83256534979,275.3431972222227,95282.175762572,60577.937481730434,0.0,1376.943457411189,61954.88093914162,24383.481518251556,19759.995664529913,4434.287308850373,6182.696444581194,6172.27907264103,1200.0,10800.0,3,4,3,2,123526.50905,37302.10644999999
2025-12-31,96753.2774567851,96753.2774567851,67.05361904871874,96820.33107583382,61639.91133435788,0.0,311.6192316680447,61951.530566025926,24687.84202899334,20250.112583964103,3736.178697471246,6172.27907264103,5891.211805441595,1200.0,10800.0,3,4,3,1,123791.70508333332,35145.28215
